id,ingredient
0,brown sugar
1,milk
2,vanilla
3,nuts
4,butter
5,bite size shredded rice biscuits
6,beef
7,chicken breasts
8,cream of mushroom soup
9,sour cream
10,frozen corn
11,cream cheese
12,garlic powder
13,salt
14,pepper
15,chicken
16,chicken gravy
17,shredded cheese
18,peanut butter
19,graham cracker crumbs
20,powdered sugar
21,chocolate chips
22,baking potatoes
23,extra lean ground beef
24,cheddar cheese
25,bacon
26,green onion
27,sugar
28,egg
29,buttermilk
30,flour
31,soda
32,rhubarb
33,cream-style corn
34,whole kernel corn
35,crackers
36,tomatoes
37,water
38,onions
39,worcestershire sauce
40,green peppers
41,oil
42,pineapple
43,condensed milk
44,lemons
45,pecans
46,graham cracker crusts
47,dark sweet pitted cherries
48,ginger ale
49,flavor gelatin
50,boiling water
51,almond extract
52,marshmallows
53,paraffin
54,barbecue sauce
55,taco sauce
56,ground beef
57,taco seasoning
58,shredded lettuce
59,tomato
60,onion
61,green pepper
62,pie filling
63,lemon juice
64,shell
65,cleaned strawberries
66,cornstarch
67,strawberry jello
68,chocolate fudge cake
69,white cake
70,wesson oil
71,broccoli
72,green onions
73,raisins
74,mayonnaise
75,vinegar
76,frozen strawberries
77,bananas
78,strawberry
79,shortening
80,applesauce
81,cinnamon
82,eggs
83,cake mix
84,chocolate fudge pudding
85,frango
86,vegetable oil
87,soy sauce
88,garlic
89,tomato paste
90,peppers
91,sweet basil
92,oregano
93,italian seasoning
94,tomato juice
95,oats
96,steak
97,ground black pepper
98,ground white pepper
99,bell peppers
100,beef stock
101,ground red pepper
102,celery
103,long
104,cooking oil
105,tomato sauce
106,mustard
107,semi-sweet chocolate chips
108,unsweetened chocolate
109,beans
110,salsa
111,yeast
112,crisco oil
113,peaches
114,fruit cocktail
115,fresh strawberries
116,red apples
117,yellow apples
118,white grapes
119,purple grapes
120,chicken cutlets
121,red vinegar
122,garlic salt
123,cherry pie mix
124,deluxe white cake mix
125,ground nuts
126,potatoes
127,macaroni
128,tuna
129,pimentos
130,hearts
131,parmesan cheese
132,vegetable soup mix
133,salad supreme
134,italian dressing
135,pear halves
136,lime gelatin
137,lemon yogurt
138,watermelon rind
139,apple vinegar
140,oil of cinnamon
141,corn
142,english peas
143,peas
144,butter beans
145,black pepper
146,baking powder
147,margarine
148,warm water
149,peppermint candy
150,crescent rolls
151,yellow cake mix
152,oleo
153,chocolate syrup
154,beer
155,curry powder
156,mushrooms
157,cream of celery soup
158,cheese
159,egg yolks
160,multi-colored candies
161,onion soup
162,frozen mixed vegetables
163,cream of chicken soup
164,green chili salsa sauce
165,green chilies
166,corn tortilla
167,cabbage
168,carrots
169,flounder
170,salad oil
171,basil
172,drops red pepper sauce
173,green beans
174,yellow beans
175,kidney beans
176,cream-style
177,corn bread
178,tomato soup
179,noodles
180,dry mustard
181,corned beef
182,mozzarella cheese
183,black olives
184,tortilla chips
185,coconut
186,nut meats
187,orange sliced candy
188,angel
189,orange flavoring
190,yellow cake
191,rice
192,granulated sugar
193,baking soda
194,cocoa
195,apples
196,cold water
197,nutmeg
198,cloves
199,cornflakes
200,vanilla wafers
201,white corn syrup
202,egg whites
203,corn flake crumbs
204,bisquick
205,sausage
206,consomme
207,catsup
208,chicken broth
209,apple juice
210,allspice
211,whole cloves
212,sesame seed
213,grated ginger
214,honey
215,vegetable cooking spray
216,thin green onion strips
217,vidalia onion
218,fresh mushrooms
219,clove garlic
220,olive oil
221,bread
222,cranberries
223,apple
224,orange
225,orange gelatin
226,beef consomme
227,cranberry sauce
228,walnuts
229,whipping cream
230,velveeta cheese
231,italian tomatoes
232,green chili peppers
233,confectioners sugar
234,velveeta
235,squash
236,stuffing mix
237,pimento
238,tabasco sauce
239,apricot jello
240,jars junior baby food
241,sweet milk
242,vanilla pudding
243,hen
244,spanish rice
245,pork
246,bell pepper
247,carrot chunks
248,ginger
249,oranges
250,moist coconut
251,cherries
252,orange juice
253,zucchini
254,ricotta cheese
255,shredded monterey jack
256,frozen spinach
257,dill weed
258,red cabbage
259,cider vinegar
260,frozen green beans
261,red wine
262,thyme
263,ground cloves
264,instant tea
265,manwich
266,hamburg
267,american cheese
268,lime
269,red spanish
270,brandy
271,triple sec
272,club soda
273,hamburger
274,ketchup
275,beef bouillon
276,cooking oats
277,chinese noodles
278,campbell's cream
279,cashews
280,ham
281,pimiento
282,parsley
283,armour dried beef
284,shells
285,broccoli flowerets
286,cauliflower
287,italian salad dressing
288,frozen artichoke
289,ground chuck
290,egg noodles
291,grated cheese
292,chunk white chicken
293,almonds
294,water chestnuts
295,nonfat mayonnaise
296,meal
297,vermicelli
298,purple onion
299,salad supreme seasoning
300,cucumbers
301,white vinegar
302,dill
303,your choice
304,spaghetti
305,steak seasoning
306,sharp cheese
307,celery salt
308,onion salt
309,olives
310,parsley flakes
311,pistachio pie filling
312,blueberries
313,instant vanilla pudding
314,yellow lima beans
315,green baby
316,syrup
317,chili powder
318,cake
319,apricot nectar
320,alfalfa honey
321,cream of chicken
322,bite
323,romano cheese
324,artichokes
325,chicken stock
326,bay leaf
327,lemon flavor
328,yellow food coloring
329,pickles
330,horseradish
331,pickle juice
332,clump
333,tater
334,flavored gelatin
335,fresh blackberries
336,pastry shell
337,slivered almonds
338,caramel topping
339,miracle
340,frozen broccoli
341,mix
342,cottage cheese
343,potato
344,green sweet peppers
345,ground turkey
346,sweet peas
347,flaked coconut
348,chocolate pudding
349,white sugar
350,unflavored gelatine
351,pumpkin
352,pie shells
353,ground nutmeg
354,cream
355,cereal
356,yellow hominy
357,tamales
358,guacamole dip
359,cake yeast
360,olive
361,arborio
362,spinach
363,eggplant
364,fresh parsley
365,marjoram
366,rosemary
367,red
368,white cake mix
369,+
370,pistachio instant pudding
371,cool whip
372,cranberry juice
373,o
374,frozen lemonade
375,sweet potatoes
376,vanilla flavor
377,butternut flavor
378,ground cinnamon
379,wild rice
380,condensed cream
381,cornflake crumbs
382,bacon drippings
383,paprika
384,green peas
385,cream of tartar
386,beef hash
387,hash browns
388,grated sharp
389,lean hamburger
390,lasagne noodles
391,new potatoes
392,stalks celery
393,hot bacon
394,light brown sugar
395,sauce
396,biscuit mix
397,chocolate wafers
398,mushroom soup
399,maraschino cherries
400,dates
401,chocolate
402,onion powder
403,croutons
404,baking chocolate
405,milk chocolate
406,semi-sweet chocolate
407,candied cherries
408,all-purpose
409,vanilla instant pudding
410,nonfat plain yogurt
411,heavy cream
412,mandarin juice
413,mandarin oranges
414,grapes
415,strawberries
416,pie shell
417,beef brisket
418,tapioca
419,peach slices
420,lime sherbet
421,corn meal
422,bacon fat
423,pork roast
424,sherry
425,pork tenderloin
426,flax seed
427,no
428,pecan pieces
429,frozen lemonade concentrate
430,orange juice concentrate
431,grenadine syrup
432,veg-all
433,roll
434,instant pudding
435,fritos
436,vegetable shortening
437,ground meat
438,corn muffin
439,sweet onions
440,cayenne pepper
441,white lily
442,cracker crumbs
443,onion soup mix
444,sour milk
445,warm beer
446,mushroom stems
447,cooking apples
448,apple pie spice
449,twinkies
450,chocolate cake
451,black coffee
452,lean ground beef
453,shredded monterey jack cheese
454,corn tortillas
455,frozen limas
456,deli beef
457,green bell pepper
458,floured blueberries
459,caramel sauce
460,sweet sausage
461,bread crumbs
462,unsalted soda crackers
463,celery stalks
464,salad
465,fully cooked canadian bacon
466,muenster
467,marshmallow fluff
468,unflavored gelatin
469,swiss cheese
470,crisp fried bacon
471,peanut oil
472,ginger root
473,lean pork
474,bamboo shoots
475,frozen pea pods
476,sesame oil
477,frozen raspberry
478,frozen raspberries
479,graham cracker crust
480,cherry pie filling
481,regular
482,clams
483,dream whip
484,cold milk
485,commerical sour cream
486,vanilla extract
487,fresh blueberries
488,black walnuts
489,frankfurters
490,campbell's chunky
491,whole kernel golden corn
492,lima beans
493,lemon jell-o
494,graham crackers
495,cake flour
496,egg white
497,almond flavoring
498,baby food
499,pinto beans
500,marshmallow cream
501,head lettuce
502,bacon bits
503,frozen peas
504,unsweetened cocoa
505,light corn syrup
506,persimmon pulp
507,peanuts
508,whipped cream
509,candied fruit
510,tortillas
511,fresh fruits
512,fresh cranberries
513,taco
514,fruit yogurt
515,red wine vinegar
516,coconut flavoring
517,rum flavoring
518,ramen noodles
519,broccoli florets
520,romaine lettuce
521,ground raisins
522,lemon
523,egg yolk
524,brown rice
525,lard
526,bean sprouts
527,mixed vegetables
528,graham cracker crumb crust
529,n
530,wine vinegar
531,currant jelly
532,crisco
533,vanilla flavoring
534,light cream
535,pepperoni
536,pineapple juice
537,peach juice from
538,crushed ice
539,bay leaves
540,ground cumin
541,ground allspice
542,fresh dill
543,corn flakes
544,rolls
545,fresh apples
546,white karo syrup
547,apricot preserves
548,salad dressing
549,sweet chocolate chips
550,dinner rolls
551,butterscotch pudding
552,sweet relish
553,chili sauce
554,unsweetened applesauce
555,oatmeal
556,almond
557,chunky spaghetti sauce
558,tamari sauce
559,tarragon
560,chicken bouillon
561,lemon jello
562,grated carrot
563,pineapple tidbits
564,maraschino cherry
565,white syrup
566,unsalted butter
567,skinless
568,mushroom
569,caraway
570,melted crisco
571,vanilla ice cream
572,sauerkraut
573,caraway seed
574,rye bread
575,irish potatoes
576,chicken soup
577,corn syrup
578,oysters
579,oyster liquid
580,banana
581,pink salmon
582,croquette sauce
583,breadcrumbs
584,red sweet peppers
585,turmeric
586,molasses
587,cream of shrimp soup
588,faux crabmeat
589,buttered bread crumbs
590,onion flakes
591,lemon instant pudding
592,ready
593,potatoes o'brien
594,chuck roast
595,crab
596,mayo
597,herbs
598,chives
599,spaghetti sauce
600,fresh ground black pepper
601,alum
602,pickling spice
603,white batter
604,liters ginger ale
605,lite
606,low-fat baked pie shell
607,beef for stew
608,cayenne red pepper
609,swans
610,butternut flavoring
611,ham bone
612,ham bouillon
613,cheez whiz
614,crunchy peanut butter
615,rice krispies
616,broccoli heads
617,sunflower seeds
618,cayenne
619,nonstick cooking spray
620,buttered toast
621,pet milk
622,anchovies
623,accent
624,crust
625,orange jello
626,apple jelly
627,coarse black pepper
628,cornmeal
629,green chillies
630,hot pepper
631,fresh broccoli
632,tart cherries
633,cherry juice
634,pie crust
635,raw strawberries
636,spinach noodles
637,green chili
638,apple cider vinegar
639,pastry
640,duncan
641,grape jelly
642,cans great northern white beans
643,hamburger meat
644,taco seasoning mix
645,red kidney beans
646,chilies
647,lemon extract
648,instant rice
649,boyardee
650,chickpeas
651,hormel chili
652,refrigerator rolls
653,chocolate cake mix
654,containers
655,salsa sauce
656,light karo syrup
657,solid pack pumpkin
658,packets sugar substitute
659,pumpkin pie spice
660,parmesan
661,vanilla instant pudding mix
662,choco-bake
663,black cherry
664,thin
665,sage
666,picante sauce
667,stew meat
668,chop suey vegetables
669,vegetables
670,white
671,borden milk
672,white onion
673,ground ginger
674,carrot
675,snow peas
676,mango
677,scallions
678,safflower oil
679,dressing
680,pork sausage
681,white minute rice
682,noodle soup
683,okra
684,green bell peppers
685,jalapeno pepper
686,summer squash
687,fresh tomato
688,lemon pepper
689,ground lean beef
690,cornbread mix
691,swiss
692,poultry seasoning
693,nonfat buttermilk
694,stove top stuffing
695,hot water
696,ground pork
697,philadelphia cream cheese
698,white wine
699,crabmeat
700,cheese slices
701,celery powder
702,liquid smoke
703,brisket
704,salmon
705,packets instant chicken broth
706,egg dumpling noodles
707,cream soup
708,whole wheat flour
709,country
710,tea
711,white grape juice
712,red delicious apple
713,nonfat yogurt
714,navy beans
715,salt pork
716,nonstick vegetable cooking spray
717,fresh herb parsley
718,taragon basil
719,greens
720,bacon grease
721,bourbon
722,pecan
723,melted meat drippings
724,cherry jello
725,strawberry jell-o
726,dill pickles
727,carnation cream
728,jalapeno peppers
729,cilantro
730,lime juice
731,topping
732,vermicelli noodles
733,seasoning
734,red potatoes
735,fresh onion
736,loaves
737,vegetable soup
738,frozen hash brown potatoes
739,pork chops
740,stale
741,patty of butter
742,steak sauce
743,toasted wheat germ
744,cinnamon sugar
745,powdered instant coffee
746,cook chicken
747,achiote coloring
748,capers
749,spatini
750,blanched cashews
751,powdered ginger
752,rolled oats
753,light alfredo sauce
754,jalapenos
755,jerk spice
756,pizza crust
757,hearty wide egg noodles
758,red onion
759,orange segments
760,cake paraffin
761,lean
762,oreo cookies
763,buttermilk biscuit mix
764,northern beans
765,powdered cocoa
766,frozen coconut
767,green apples
768,ground round
769,whole wheat bread
770,cumin
771,prune juice
772,prunes
773,orange rind
774,chuck cubes
775,cranberry juice cocktail
776,parkay margarine
777,coal
778,clear glass bowl
779,blueing
780,coloring
781,grated monterey
782,red peppers
783,wrappers
784,italian breadcrumbs
785,leeks
786,parsley sprigs
787,saffron
788,fish heads
789,shellfish
790,firm white fish
791,ground
792,dried mustard
793,hot tabasco
794,couple of oranges
795,quartered red potatoes
796,coarse ground mustard
797,saifon
798,wide chinese
799,bunches scallions
800,radishes
801,white sesame seed
802,grenadine
803,orange slice
804,blackberry jam
805,dark vinegar
806,bbq
807,white chicken
808,warm milk
809,solid shortening
810,pimento cheese
811,chicken bouillon cubes
812,liter
813,apple juice concentrate
814,ground zucchini
815,coarse salt
816,powdered nondairy creamer
817,instant coffee
818,graham cracker pie crust
819,frozen nondairy whipped topping
820,strawberry glaze
821,butterscotch chips
822,elbow macaroni
823,crab meat
824,sherry cooking wine
825,unpeeled apples
826,red pepper
827,condensed chicken
828,anise
829,ground sirloin
830,low-fat cottage cheese
831,jell-o instant vanilla pudding
832,monde
833,rum
834,red cayenne pepper
835,white pepper
836,spanish paprika
837,lite-line cheese
838,lettuce leaves
839,chunky peanut butter
840,light
841,meaty soup bones
842,peppercorns
843,pearl barley
844,turnips
845,white potatoes
846,cheese sauce
847,junior jars baby carrots
848,white bread
849,mullet
850,black-eyed peas
851,liquid hot pepper sauce
852,dark molasses
853,beef broth
854,pasta of your choice
855,orange flavor
856,lemon rind
857,peel powder
858,oil of peppermint
859,wide noodles
860,raspberry
861,flour tortillas
862,hot picante sauce
863,concentrate
864,bottles ginger ale
865,sparkling water
866,stove top chicken stuffing
867,coconut milk
868,peeled apples
869,bread flour
870,active dry yeast
871,very warm water
872,summer sausage
873,guacamole
874,gold medal flour
875,orange-lemon icing
876,frozen broccoli florets
877,cheerios
878,mixed nuts
879,fettucini
880,bite size pieces
881,lemon peel
882,lemon supreme cake mix
883,coca-cola
884,pineapple chunks
885,hot sausage
886,pack
887,chicken tonight
888,coconut flakes
889,bitters
890,whiskey
891,green
892,lean hamburg
893,rigatoni
894,shrimp
895,chablis
896,pecan halves
897,pizza sauce
898,pizza cheese
899,yellow sumer squash
900,herb seasoned stuffing mix
901,lime jell-o
902,brown gravy mix
903,jello
904,poppy seed
905,cinnamon-sugar
906,eastern spice
907,milk powder
908,provolone cheese
909,salami
910,medium shells
911,sweet pickles
912,gelatine
913,shallots
914,cardamom
915,apricots
916,lemon chips
917,unbaked pie crust
918,crawfish tails
919,cereal nuggets
920,egg substitute
921,yellow onions
922,chili seasoning
923,cold
924,persimmons
925,condensed chicken broth
926,pasta
927,italian sweet sausages
928,instant chocolate pudding
929,ground cornmeal
930,cucumber
931,salad seasonings
932,grated ham
933,egg scramblers
934,celery soup
935,cheese soup
936,biscuits
937,feta cheese
938,phyllo pastry
939,taco salsa
940,italian seasoned tomatoes
941,candies
942,garlic cheese
943,frozen green peas
944,creamed spinach
945,tortellini
946,yellow squash
947,butter flavor
948,fish fillet
949,creamette shells
950,haddock
951,blueberry pie filling
952,chocolate instant pudding
953,chocolate sandwich cookies
954,gummy worms
955,flowers
956,gelatin
957,orange extract
958,corned beef hash
959,popcorn oil
960,pretzels
961,lamb
962,fresh ginger
963,shoyu
964,peanut
965,worcestershire
966,savers
967,italian bread crumbs
968,cantaloupe
969,smooth peanut butter
970,mein noodles
971,butterscotch morsels
972,ground pork sausage
973,barbecue flavored seasoning
974,frozen rolls
975,cardamon
976,cakes yeast
977,mixed candied fruit
978,regular mountain dew
979,anchovy
980,cognac
981,thin white bread slices
982,layer
983,frozen whipped topping
984,all-purpose flour
985,scallops
986,buttered ritz crackers
987,cooked sweet potatoes
988,kielbasa
989,colored marshmallows
990,frozen hash browns
991,cheddar cheese soup
992,enchilada sauce
993,children
994,generous
995,playing together
996,portion
997,portion understanding
998,kisses
999,turkey
1000,flaky biscuits
1001,lime jello
1002,food coloring
1003,oreos
1004,whipped topping
1005,semi-sweet chocolate morsels
1006,corn oil
1007,raspberries
1008,vodka
1009,fruit of your choice
1010,chicken breast
1011,broth mix
1012,stalk celery
1013,herb seasoned croutons
1014,linguine
1015,coffee
1016,lemon lime soda
1017,chopped spinach
1018,dill pickle
1019,ranch style red beans
1020,fat
1021,instant coconut pudding
1022,ro-tel tomatoes
1023,chopped lettuce
1024,corn chips
1025,refrigerator pizza crust
1026,pizza seasonings
1027,strawberry topping
1028,chocolate sundae syrup
1029,ground almonds
1030,flank steak
1031,boneless chuck roast
1032,yogurt
1033,banana pulp
1034,lemon wedges
1035,muffins
1036,freshly ground black pepper
1037,imitation crabmeat
1038,spiral pasta
1039,lemon pudding
1040,sweet red peppers
1041,hot peppers
1042,pickling salt
1043,ground turmeric
1044,chili beef soup
1045,green cabbage
1046,anisette
1047,green grapes
1048,red beans
1049,thin-sliced
1050,breadsticks
1051,italian-style tomatoes
1052,bac*os
1053,tabasco
1054,green parsley
1055,season-all
1056,meyers
1057,veg-all vegetables
1058,cream of onion soup
1059,sugar cookie
1060,cookies
1061,creme
1062,grated reduced fat
1063,sweet gherkin pickle
1064,recipe basic sweet dough
1065,oregano flakes
1066,crushed strawberries
1067,cornflakes cereal
1068,herb stuffing
1069,fine spaghetti
1070,curry
1071,cream of celery
1072,amount of mayonnaise
1073,tuna fish
1074,cream chicken soup
1075,herb stuffing mix
1076,powdered milk
1077,almond bark
1078,cap'n
1079,sparkling mineral water
1080,freshly squeezed lemon juice
1081,grease
1082,red raspberry
1083,doritos
1084,ro-tel
1085,vanilla flavored candy coating
1086,green split peas
1087,tomato puree
1088,low-fat milk
1089,chicken pieces
1090,low-fat ground beef
1091,mozzarella
1092,red food coloring
1093,ground pepper
1094,chocolate curls
1095,stroganoff sauce mix
1096,food
1097,oyster crackers
1098,pepperoni stick
1099,arugula
1100,bouillon cubes
1101,imitation crab
1102,rotini noodles
1103,bisquick baking mix
1104,boneless chicken
1105,onion-mushroom soup mix
1106,hot italian sausage
1107,italian style tomatoes
1108,bowl
1109,frozen broccoli cuts
1110,black beans
1111,ground raw turkey
1112,bottled salsa
1113,fresh cilantro
1114,avocado
1115,orange roughy
1116,hot sauce
1117,shell macaroni
1118,cheddar
1119,perch fillets
1120,low-fat margarine
1121,thin spaghetti
1122,accent seasoning
1123,regular rice
1124,minor beef base
1125,stout
1126,english cheese spread
1127,level
1128,fresh nonfat milk
1129,carnation milk
1130,corn mix
1131,hominy
1132,head cabbage
1133,frozen
1134,cream of broccoli
1135,french fried onions
1136,frozen shrimp
1137,thin sliced pork chops
1138,wieners
1139,kolbassi
1140,frozen dry-packed blueberries
1141,italian sausage
1142,lasagna noodles
1143,white wine vinegar
1144,pizza dough
1145,ricotta
1146,pizza
1147,yellow mustard
1148,macaroni noodles
1149,cherry
1150,caramels
1151,amount sugar
1152,oleo/butter
1153,rosemary leaf
1154,basil leaf
1155,white karo
1156,flake coconut
1157,orange slice candy
1158,green cherries
1159,candied pineapple
1160,long grain
1161,semi-sweet chocolate bits
1162,pudding
1163,whitefish
1164,jicama
1165,fresh lemons
1166,your favorite salsa
1167,cauliflowerets
1168,cocktail sauce
1169,vegetable juice
1170,lemon-lime soda
1171,red maraschino cherries
1172,liquid
1173,chips
1174,fresh bean sprouts
1175,tofu
1176,mashed tofu
1177,chicken-style
1178,sweet paprika
1179,baguette
1180,nonfat dry milk
1181,orange flavored instant breakfast
1182,canning salt
1183,stuffing
1184,ground sage
1185,fresh ground pepper
1186,white beans
1187,chili beans
1188,broccoli cheese soup
1189,vanilla butternut flavoring
1190,onion juice
1191,containers yogurt
1192,graham cracker pie shells
1193,fresh fruit
1194,mexicorn
1195,mixed veggies
1196,ground oregano
1197,mashed potatoes
1198,masa harina
1199,liquid sucaryl
1200,milk chocolate chips
1201,golden grahams cereal
1202,stew beef
1203,italian seasoned bread crumbs
1204,orange marmalade
1205,plain yogurt
1206,chunky salsa
1207,pepsi
1208,chachere
1209,celery seeds
1210,cookie crust
1211,creme de cacao
1212,pistachio pudding
1213,pack black walnuts
1214,shot of tabasco
1215,popcorn
1216,macaroni shells
1217,hot milk
1218,hot coffee
1219,strawberry gelatin
1220,lemon flavoring
1221,black turtle beans
1222,favorite meat
1223,sweet potato
1224,english cheese
1225,bisquick mix
1226,semi-sweet chocolate mini morsels
1227,white chocolate
1228,uncle ben
1229,thawed spinach
1230,chiles
1231,firm
1232,boned chicken
1233,beef granules
1234,bologna
1235,spaghetti sauce mix
1236,green food
1237,uncle ben's minute rice
1238,pasteurized cheese food
1239,pork shoulder roast
1240,pork shoulder
1241,boneless beef stew meat
1242,burgundy
1243,bulk sausage
1244,buttered bread
1245,owens hot sausage
1246,beef stew season mix
1247,white zinfandel wine
1248,regular velveeta cheese
1249,chili
1250,fish fillets
1251,mixed fruit jello
1252,butternut squash
1253,currants
1254,mace
1255,grape juice
1256,strawberry preserves
1257,party rye bread
1258,onion rings
1259,mint flavored chocolate morsels
1260,baby strained carrots
1261,semi-sweet
1262,bread cubes
1263,golden crushed corn
1264,lots of pepper
1265,deli
1266,melting chocolate
1267,frozen leaf spinach
1268,veal stew meat
1269,marsala wine
1270,low-salt chicken broth
1271,steamed white rice
1272,broccoli cuts
1273,all-bran cereal
1274,bran flakes
1275,hawaiian fruit
1276,sherbet
1277,double-acting baking powder
1278,sweet onion
1279,rutabaga
1280,baby limas
1281,healthy choice tomato soup
1282,natural peanut butter
1283,wonton skins
1284,powdered mustard
1285,soda cracker crumbs
1286,butterfinger
1287,whole wheat bread crumbs
1288,olive halves
1289,backfin crabmeat
1290,red hawaiian
1291,chopped ripe olives
1292,cherry flavored gelatin
1293,lemon flavored gelatin
1294,instant vanilla flavor pudding
1295,cream of mushroom
1296,green chile salsa
1297,frozen pie shell
1298,angel food cake mix
1299,thin slices black forest ham
1300,cans biscuits
1301,beef chuck
1302,sandwich sauce
1303,tomato pate
1304,crouton stuffing mix
1305,orange jell-o
1306,sweet butter
1307,cornbread
1308,scotch
1309,coconut extract
1310,liquid coffee
1311,boneless beef sirloin steak
1312,herb stuffing mix.
1313,dressing mix
1314,oregano leaves
1315,mashed ripe bananas
1316,puffs
1317,sweet pickle relish
1318,apple cider
1319,lemon slices
1320,dill sauce
1321,chicken spread
1322,green olives
1323,dry white
1324,bran
1325,bay
1326,full garbanzos
1327,ham hock
1328,chorizo
1329,beef soup bone
1330,another onion
1331,italian bread
1332,chicken flavored rice
1333,fryer
1334,golden mushroom soup
1335,stack
1336,whole allspice
1337,lean ground chuck
1338,fresh green beans
1339,curly shaped pasta
1340,frozen valley combination vegetables
1341,cold coffee
1342,chocolate ice cream
1343,
1344,cut asparagus
1345,potato chips
1346,poppy seeds
1347,prepared mustard
1348,buns
1349,summer
1350,soup
1351,cartons yogurt
1352,canola oil
1353,junior jars apricot
1354,winter
1355,dry cheese mix
1356,pet-ritz regular pie crusts
1357,pineapple cake mix
1358,bagels
1359,powdered orange drink
1360,rye flour
1361,white flour
1362,salmon steaks
1363,green apple
1364,cocktail peanuts
1365,hot mashed potatoes
1366,pineapple pie filling
1367,refrigerator crescent rolls
1368,pretzel sticks
1369,green tomatoes
1370,shredded green cabbage
1371,chicken bouillon powder
1372,croutons/bread
1373,bars
1374,clear jel
1375,birds
1376,refrigerator biscuits
1377,corn bread stuffing
1378,light margarine
1379,saltine cracker crumbs
1380,cayenne pepper sauce
1381,cheese dressing
1382,stuffed olives
1383,hot cooked rice
1384,lean beef
1385,unbaked pie shell
1386,favorite salsa
1387,original hidden valley dressing
1388,double acting baking powder
1389,nacho cheese
1390,preserves
1391,lemon cake mix
1392,leftover meat
1393,uncle ben's
1394,tiny shrimp
1395,sweet chocolate
1396,veal patties
1397,regular cheese
1398,match
1399,yellow cream
1400,yellow corn meal
1401,bay seasoning
1402,split peas
1403,ham hocks
1404,avocados
1405,chickens
1406,thin apples
1407,chicken flavored
1408,beef bouillon granules
1409,bermuda onions
1410,pina colada sherbet
1411,shredded coconut
1412,rice crispies
1413,red bell pepper
1414,brownie mix
1415,extra-virgin olive oil
1416,any wine
1417,new york state
1418,mint chocolate chip ice cream
1419,ground mustard
1420,mixed spices
1421,chocolate crumb crust
1422,fudge sauce
1423,whole wheat bread slices
1424,velveeta pasteurized process cheese spread
1425,ham slices
1426,frozen limeade
1427,bottles
1428,liquid oil
1429,cocoa powder
1430,cream mushroom soup
1431,pork country-style
1432,instant coffee crystals
1433,caramel icing
1434,orange sherbet
1435,chocolate ice milk
1436,chocolate-flavored
1437,golden raisins
1438,cider
1439,cajun seasoning
1440,orange peel
1441,chicken rice
1442,california blend
1443,cream-style cottage cheese
1444,containers mushrooms
1445,unbaked pie crusts
1446,cold margarine
1447,crab sticks
1448,thin slices swiss cheese
1449,unbeaten egg
1450,pinto
1451,frozen green lima beans
1452,nahum
1453,numbers
1454,jeremiah
1455,chronicles
1456,pistachio
1457,picante
1458,white morsels
1459,some carrot
1460,kosher dill pickles
1461,shallot
1462,carrot cake
1463,mincemeat
1464,white rice
1465,great northern beans
1466,fresh basil
1467,virgin olive oil
1468,italian stewed tomatoes
1469,extra virgin olive oil
1470,ribs
1471,very
1472,yellow cornmeal
1473,cocktail franks
1474,catfish fillets
1475,whole wheat shells
1476,balsamic vinegar
1477,light tuna
1478,seasonings
1479,brown rice flour
1480,yellow cheese
1481,hot pepper sauce
1482,sweet cream
1483,herb croutons
1484,tsp.salt
1485,beets
1486,roll garlic
1487,roll smoked cheese
1488,planters slivered almonds
1489,pineapple sherbet
1490,puffed raisins
1491,figs
1492,citron
1493,candid cherries
1494,light jelly
1495,clam juice
1496,pet cream
1497,pearl onions
1498,freshly ground pepper
1499,whipping topping
1500,hard cheese
1501,mostaccioli noodles
1502,grated provolone
1503,cinnamon sticks
1504,baby lima beans
1505,berries
1506,hearts romaine
1507,giardiniera
1508,green chili salsa
1509,stove top chicken
1510,bean soup mix
1511,wip
1512,fruit
1513,bouillon
1514,biscuit dough
1515,raspberry sherbet
1516,imitation
1517,cream of potato soup
1518,white creme
1519,pork loin cutlets
1520,chocolate kisses
1521,powdered creamer
1522,chocolate flavored drink
1523,soda crackers
1524,black cherry jello
1525,black cherries
1526,head red cabbage
1527,cream of asparagus soup
1528,american cheese slices
1529,cream of coconut
1530,raspberry jello
1531,yams
1532,mashed banana
1533,liquid sweetener
1534,tarragon vinegar
1535,ida o'brien potatoes
1536,pickling lime
1537,chicken breasts per
1538,jack cheese
1539,fresh vegetables
1540,white northern beans
1541,fresh garlic
1542,seasoning salt
1543,campbell's golden
1544,herb seasoned mix
1545,herb seasoned stuffing
1546,spicy mustard
1547,ground cooked ham
1548,italian cheese
1549,extra sharp cheese
1550,wax beans
1551,garbanzo beans
1552,instant chicken
1553,colored sugar
1554,grassy field
1555,pebbles
1556,brook
1557,soft tortillas
1558,kahlua
1559,lamb chops
1560,germ
1561,crisp lettuce
1562,cornmeal mix
1563,shrimp water
1564,turkey sausage
1565,unprocessed oat bran
1566,blackberries
1567,graham wafer crumbs
1568,longhorn cheese
1569,fillet of flounder per person
1570,red bermuda onion
1571,french dressing
1572,anise oil
1573,anise seed
1574,colorful gumdrops
1575,apple pie filling
1576,stuffing crumbs
1577,pasta shells
1578,whipped cream cheese
1579,parsley stems
1580,white onions
1581,pats butter
1582,'s sausage
1583,cooking sherry wine
1584,beef stew meat
1585,frozen chinese veggies
1586,apricot jelly
1587,powdered turmeric
1588,whole niblets corn
1589,celery stalk
1590,lemonade mix
1591,caramel ice cream topping
1592,butterscotch ice cream topping
1593,boneless stew meat
1594,shin bone
1595,parsnips
1596,aromatic bitters
1597,coconut topping
1598,colored miniature
1599,unbleached white flour
1600,sweetener
1601,coffee granuales
1602,semi sweet chocolate chips
1603,solid pumpkin
1604,cubes
1605,green chiles
1606,herb dressing
1607,sweet pepper
1608,crescent roll
1609,fully cooked ham
1610,cold cola
1611,boneless skinless chicken breast
1612,penne pasta
1613,light bread
1614,tomato ketchup
1615,niblets corn
1616,maple syrup
1617,kernel corn
1618,fresh peaches
1619,frozen lima beans
1620,paraffin wax
1621,grand marnier
1622,cream of tomato soup
1623,morton tender quick salt
1624,regular salt
1625,fresh chives
1626,lamb breast
1627,veal
1628,bayleaf
1629,cold half and half
1630,carrot strips
1631,red jello
1632,nachos
1633,graham cracker shells
1634,ground cranberries
1635,cocktail onions
1636,maple flavoring
1637,milk chocolate frosting
1638,walnut pieces
1639,tart apples
1640,fresh corn
1641,joe
1642,tubs
1643,doritos chips
1644,tops
1645,long grain white rice
1646,sorghum molasses
1647,orange zest
1648,watercress
1649,overripe bananas
1650,your favorite
1651,your favorite beer
1652,sausages
1653,regular biscuits
1654,lean stew meat
1655,cream of mushroom soup undiluted
1656,flour/water
1657,your favorite barbecue sauce
1658,deer meat
1659,cream sherry
1660,cut rhubarb
1661,pecan chips
1662,xxxx sugar
1663,fresh red chili
1664,fruit juice
1665,golden delicious apples
1666,chilli powder
1667,tortellini with parmesan cheese
1668,toes garlic
1669,chitterlings
1670,lean fish
1671,pink lemonade
1672,string beans
1673,varieties
1674,low-fat mayonnaise
1675,beef shoulder roast
1676,beef flavor
1677,sesame seeds
1678,cole slaw
1679,fresh tomatoes
1680,clam liquor
1681,white chocolate chips
1682,white baking chocolate
1683,pretzel rods
1684,sprinkles
1685,nondairy creamer
1686,coffee cream
1687,chutney
1688,bottle ketchup
1689,powdered confectioners sugar
1690,irish
1691,chocolate bars
1692,teriyaki sauce
1693,hot fat
1694,vanilla wafer crumbs
1695,lean tender beef
1696,mixed herbs
1697,stock
1698,white crabmeat
1699,beet juice
1700,red new potatoes
1701,rye meal
1702,very ripe bananas
1703,deli ham
1704,other shortening
1705,cracklins
1706,lobster
1707,linguine pasta
1708,pasta-style
1709,frozen hashbrowns
1710,fresh green onions
1711,ground smoked ham
1712,ground lean pork
1713,lemonade
1714,griffin's honey
1715,griffin
1716,sprouts
1717,mixture
1718,zinfandel
1719,young groundhog
1720,cookie crumbs
1721,chicken flavored bouillon granules
1722,havarti cheese
1723,white mushrooms
1724,hard salami
1725,salmon fillet
1726,tarragon leaves
1727,chick peas
1728,hi-c
1729,green sherbet
1730,mixed salad greens
1731,cheese strips
1732,liquid butter
1733,pickle relish
1734,sweet pickle juice
1735,hot green pepper
1736,liquid fruit pectin
1737,linguini
1738,salad crunchies
1739,pickle lime
1740,shredded mozzarella
1741,fifth
1742,sack tortilla chips
1743,waverly crackers
1744,garden peas
1745,worcester sauce
1746,hot dogs
1747,regular mustard
1748,flavored jello
1749,chocolate pie crust
1750,kellogg
1751,broiler-fryer chicken
1752,italian cooking sauce
1753,seeded raisins
1754,chachere cajun
1755,i
1756,meat
1757,egg roll
1758,meringue
1759,chicken flavored ramen noodles
1760,peck pears
1761,cole slaw blend
1762,rice vinegar
1763,cantaloupes
1764,saltine crackers
1765,certo
1766,green food coloring
1767,long grain rice
1768,fennel
1769,zita
1770,crystals
1771,chocolate mix
1772,black peppercorns
1773,shrimp sauce
1774,barbecue
1775,kitchen
1776,will also
1777,pork loin chops
1778,brown potatoes
1779,freshly grated parmesan cheese
1780,beef round
1781,fresh ground pork
1782,fresh goat milk
1783,tablets
1784,light red kidney beans
1785,fixins
1786,choice
1787,orange pop
1788,mostaccioli
1789,ground chuck beef
1790,jigger
1791,c.milk
1792,good beef
1793,milk chocolate bar
1794,accent seasonings
1795,rinsed lentils
1796,dry hidden valley ranch dressing
1797,lean chili ground beef
1798,canned applesauce
1799,cake cubes
1800,limes
1801,dark raisins
1802,baby shrimp
1803,granola cereal
1804,coconut cream
1805,california
1806,lavender
1807,magnolia condensed milk
1808,unsalted margarine
1809,frozen cheese blintzes
1810,mascarpone cheese
1811,marsala
1812,ladyfingers
1813,espresso
1814,chocolate powder
1815,semi-sweet chocolate pieces
1816,italian-seasoned breadcrumbs
1817,green chilis
1818,vanilla low-fat yogurt
1819,regular tomato catsup
1820,creamy soup
1821,carnation
1822,pimientos
1823,bakon slices
1824,clear beef
1825,bouillon cube
1826,pads margarine
1827,mini reese's
1828,cranberry salad
1829,grated apples
1830,bing cherries
1831,chili with beans
1832,unsweetened chocolate squares
1833,fresh pork
1834,shortbread
1835,fresh shrimp
1836,seashell macaroni
1837,lemon-lime
1838,bacon strips
1839,liquid shortening
1840,california walnuts
1841,chocolate bark
1842,cubed cheese
1843,brown
1844,shredded monterey
1845,figard liquid smoke
1846,torn spinach greens
1847,broccoli stems
1848,well
1849,velveeta shells
1850,buttermilk baking mix
1851,pears
1852,crystallized ginger
1853,light oil
1854,dry hidden valley
1855,white chicken meat
1856,orzo
1857,tomato salsa
1858,langostinos
1859,column
1860,vegetable bouillon
1861,crisp rice cereal
1862,dipping chocolate
1863,duck
1864,tart pie cherries
1865,'s secret ingredients
1866,frozen pound cake
1867,non-caloric
1868,sprinkling of chocolate sprinkles
1869,spice
1870,white fish
1871,chicken granules
1872,chopped walnut meats
1873,chocolate frosting
1874,grated coconut
1875,whole wheat bread dough
1876,kosher salt
1877,grits
1878,condensed broccoli soup
1879,strawberry flavored gelatin
1880,schilling mexican
1881,fresh lump crabmeat
1882,sweet red pepper
1883,nonfat sour cream
1884,wine
1885,instant vanilla/chocolate pudding
1886,campbell's tomato soup
1887,krispies
1888,baking apples
1889,red chilies
1890,q
1891,stewing beef
1892,ham broth
1893,cooked navy beans
1894,nestles
1895,coffee creamer
1896,garbanzos
1897,garbanzo water
1898,homemade peanut butter
1899,feet
1900,freshly cooked rice
1901,frozen pie pastry
1902,frozen crabmeat
1903,cooking sherry
1904,angel food cake
1905,flour tortilla
1906,baking mix
1907,sandies
1908,breyers golden vanilla ice cream
1909,pork loin
1910,italian style seasoned bread crumbs
1911,ground pecans
1912,pepperoni slices
1913,pepperoncini salad peppers
1914,haddock fillets
1915,onion gravy mix
1916,fine cracker crumbs
1917,bean dip
1918,sack favorite tortilla
1919,lentils
1920,orzo pasta
1921,white balsamic vinegar
1922,lime juice concentrate
1923,white corn meal
1924,chili mix
1925,chunk breast of chicken
1926,red grapes
1927,crescent dinner rolls
1928,cookie dough
1929,soba noodles
1930,cold turkey
1931,equal amount
1932,country butter
1933,lemon juice from
1934,chicken gumbo soup
1935,packets splenda
1936,italian olive oil
1937,chocolate bits
1938,brussels
1939,yellow onion
1940,orange-flavored gelatin
1941,biscuit baking mix
1942,tightly packed dandelion blossoms
1943,strawberry-banana
1944,ripe olives
1945,ground walnuts
1946,shank portion
1947,guacamole mix
1948,nacho chips
1949,dream whip topping mix
1950,cold tap water
1951,colby cheese
1952,broth from
1953,coriander
1954,bread croutons
1955,hard rolls
1956,vanilla frosting supreme
1957,mint cookies
1958,rolls garlic
1959,whole strawberries
1960,nutmeats
1961,semi-sweet real chocolate chips
1962,yellow raisins
1963,just
1964,calves liver
1965,campbell
1966,bon
1967,pumpkin seeds
1968,pretzel crumbs
1969,squirrels
1970,freshly grated nutmeg
1971,fluid
1972,castor sugar
1973,natural honey
1974,benne
1975,chicken parts
1976,chicken mushroom
1977,chocolate chip cookies
1978,cherry chip cake
1979,sweet
1980,swiss chocolate cake mix
1981,packets equal
1982,apple wedges
1983,frozen carrots
1984,cakes
1985,vanilla pie filling
1986,green lima beans
1987,unbeaten egg whites
1988,knorr swiss vegetable soup
1989,sweet pickle
1990,saltine crumbs
1991,nondairy whipped topping
1992,italian green beans
1993,dew
1994,broth from ham
1995,beef consomm
1996,au jus
1997,del monte
1998,rice cereal
1999,pancake mix
2000,squish
2001,potato slices
2002,cheese slice
2003,ground beef patties
2004,lemon pie filling
2005,country sausage
2006,ramen soup noodles
2007,chipped beef
2008,freeze dried chives
2009,thin slices
2010,pudding included yellow cake mix
2011,coconut cream filling
2012,peg white corn
2013,red lentils
2014,fresh spinach
2015,fettucine
2016,quick grits
2017,instant vanilla pudding mix
2018,sourdough starter
2019,vegetarian chicken
2020,lamb shoulder
2021,pemento
2022,ring macaroni
2023,sugar honey
2024,porterhouse steak
2025,frozen red raspberries
2026,red raspberry jello
2027,brown gravy
2028,corn bread crumbs
2029,marshmallow creme
2030,turmeric powder
2031,torn arugula
2032,instant chocolate
2033,browns
2034,hamburger buns
2035,chicken breast halves
2036,whole pink
2037,uncooked strawberries
2038,saffron yellow rice
2039,bottle wishbone italian dressing
2040,italian mix
2041,twirls
2042,meatless sauce
2043,heavy sweet cream
2044,bitter chocolate shavings
2045,wide
2046,bar
2047,soy flour
2048,rice-a-roni chicken mushroom
2049,campbell's healthy
2050,boxes jello
2051,equal
2052,mashed sweet potatoes
2053,peppermint ice cream
2054,low-fat sweetened condensed milk
2055,halved strawberries
2056,t shortening
2057,fettuccini noodles
2058,no-bake custard mix
2059,herbes
2060,bittersweet chocolate
2061,maraschino cherry juice
2062,chicken fryer
2063,anchovy paste
2064,broth
2065,head iceberg lettuce
2066,thin slices bermuda onion
2067,english muffins
2068,kidney
2069,yellow cake layers
2070,large shells
2071,monosodium glutamate
2072,beef ramen noodles
2073,beef seasoning from ramen noodles
2074,cook grits
2075,orange sections
2076,fresh pineapple
2077,medium cheese
2078,serving size envelope low calorie lemon gelatin
2079,dry wine
2080,coconut-pecan
2081,tostitos
2082,mock crab meat
2083,lite margarine
2084,orange mix
2085,barley
2086,wraps
2087,garlic dressing
2088,white kidney beans
2089,corn husks
2090,any kind blueberries
2091,italian salad dressing mix
2092,fresh crabmeat
2093,apricot halves
2094,frozen dessert topping
2095,glycerine
2096,lemonade concentrate
2097,chilled milk
2098,cracked ice
2099,red hots
2100,lump crabmeat
2101,orange liqueur
2102,peppercorn
2103,hot chili pepper
2104,chicken bouillon cube
2105,beef shin bone
2106,mixed soup vegetables
2107,heath bits
2108,sirloin steak
2109,sandwich pepperoni
2110,mixed citrus fruit
2111,amount
2112,frozen pie shells
2113,nut halves
2114,fruit pie filling
2115,mint flakes
2116,unbaked pie shells
2117,black
2118,cherry preserves
2119,pineapple preserves
2120,stir-fry vegetables
2121,cooking wine
2122,ground raw cranberries
2123,powdered nestle
2124,green sweet pepper
2125,red sweet pepper
2126,red onions
2127,spinach leaves
2128,lime slices
2129,strawberry jam
2130,mint sprigs
2131,lime peel
2132,green food color
2133,red hot sauce
2134,franks
2135,golden brown sugar
2136,apricot
2137,medium wide egg noodles
2138,green seedless grapes
2139,jell-o
2140,mixed fruit
2141,tooth picks
2142,pasteurized cheese
2143,chopped nut meats
2144,sugar substitute
2145,crisply cooked bacon
2146,game hens
2147,chicken base
2148,campbell's condensed
2149,white tuna
2150,beef cubes
2151,ground ham
2152,sweet peppers
2153,dry knorr vegetable soup mix
2154,three cheese
2155,t
2156,vegetable stock
2157,fruit jam
2158,creole seasoning
2159,shredded cabbage
2160,bread rolls
2161,very hot water
2162,oleomargarine
2163,cukes
2164,rotelle
2165,fresh cherry tomatoes
2166,cornish hens
2167,pan sausage
2168,cinnamon red
2169,white peppercorns
2170,bread stuffing mix
2171,realemon
2172,dijon style mustard
2173,pear slices
2174,coffee powder
2175,peg corn
2176,hair spaghetti
2177,gouda cheese
2178,boneless beef
2179,chocolate topping
2180,sweet red onion
2181,salsa plus additional
2182,batch chicken
2183,unsalted macadamia nuts
2184,peppermint oil
2185,graham cracker shell
2186,vanilla chips
2187,bugles
2188,candy fruits
2189,beef gravy
2190,tenderloin
2191,salt water
2192,beef tenderloin
2193,dijon mustard
2194,medium cracker crumbs
2195,eggplants
2196,corn oil margarine
2197,liquid egg substitute
2198,chocolate morsels
2199,salted spanish peanuts
2200,garlic cheese roll
2201,spring onions
2202,orange topping
2203,rotini pasta
2204,tricolor rotini
2205,quartered cherry tomatoes
2206,chocolate almond bark
2207,peppermints
2208,fresh thyme
2209,baby carrots
2210,chicken stuffing mix
2211,vermicelli spaghetti
2212,kiwis
2213,fruit preserves
2214,white meat
2215,unpeeled red potatoes
2216,bran cereal
2217,chocolate fudge topping
2218,comino
2219,shredded sharp cheddar
2220,crunchy
2221,pie fruit filling
2222,crsico
2223,red salmon
2224,celery root
2225,beef broth cubes
2226,yolk
2227,beef round tip steaks
2228,tomato halves
2229,spareribs
2230,shredded wheat
2231,pretzel bits
2232,confectioner sugar
2233,bouquet sauce
2234,strawberry jelly
2235,fresh
2236,parsley-pimiento glaze
2237,texas white onions
2238,peach halves
2239,fresh tarragon
2240,california green chilies
2241,pork chips
2242,cremora
2243,gruyere cheese
2244,crepes
2245,rice chili
2246,bisquick original baking mix
2247,glass jars
2248,orange slices
2249,home canned tomatoes
2250,black pitted olives
2251,kind deeds
2252,consideration
2253,boston lettuce
2254,sandwich
2255,peach
2256,wheel camembert cheese
2257,chunky applesauce
2258,sole fillets
2259,tartar sauce
2260,venison
2261,vanilla caramels
2262,light cream cheese
2263,black walnut flavoring
2264,campbell's golden mushroom soup
2265,campbell's beefy mushroom soup
2266,ravioli
2267,sweet apple cider
2268,sirloin tip
2269,filet
2270,frozen okra
2271,seafood
2272,light rum
2273,whipped dream
2274,regular cooking vanilla pudding mix
2275,white raisins
2276,red and
2277,cans chili
2278,bread mix
2279,candied orange peel
2280,crackling
2281,arrowroot powder
2282,frozen blueberries
2283,brown mustard
2284,green baby lima beans
2285,stewing chicken
2286,chitterlings pig
2287,button mushrooms
2288,thawed broccoli
2289,stuffing cubes
2290,brown gravy sauce
2291,cherry tomatoes
2292,regular butterscotch pudding
2293,ginger paste
2294,taco mix
2295,velveeta cheese macaroni
2296,italian style
2297,pepper sauce
2298,light molasses
2299,corn starch
2300,duncan hines lemon cake mix
2301,grated rind
2302,lean ground pork
2303,meal mix
2304,tapioca pudding
2305,cornbread stuffing
2306,crushed cheese
2307,season
2308,kaiser rolls
2309,lemon gelatin
2310,frozen italian style vegetables
2311,cold shortening
2312,cheese spread
2313,banana cream
2314,cooled
2315,stocks celery
2316,cream horseradish
2317,peach jello
2318,light kidney beans
2319,phyllo leaves
2320,packet
2321,party rye
2322,thin cucumber
2323,whipping
2324,fresh fettucine
2325,boiling salted water
2326,freshly grated parmesan
2327,freshly cracked pepper
2328,head romaine
2329,purple
2330,unbolted white corn meal
2331,buttermilk salad dressing
2332,haddock fillet
2333,regular grits
2334,cooked broccoli
2335,process cheese
2336,chunk style peanut butter
2337,mushroom bits
2338,refrigerator cookie
2339,sirloin
2340,bermuda onion
2341,thank you cherries
2342,pecan crumbs
2343,pink
2344,grated sweet potatoes
2345,lean pork chops
2346,fresh black pepper
2347,capful whiskey
2348,capful red
2349,tomatoe sauce
2350,unsweetened baker's chocolate
2351,ground cardamom
2352,coriander seed
2353,basmati rice
2354,low-fat sour cream
2355,cooking spray
2356,new
2357,unsweetened strawberries
2358,cream of broccoli soup
2359,others
2360,sacrifice
2361,own faults
2362,prayers
2363,chunks
2364,white choc
2365,nonfat vanilla
2366,white hominy
2367,veal bones
2368,white turnips
2369,tabasco hot pepper sauce
2370,lipton soup mix
2371,italian dressing mix
2372,lopez cream
2373,firm ripe tomatoes
2374,turkey ham
2375,low-fat yogurt
2376,dashes pepper
2377,baby food carrots
2378,light parkay
2379,banana pepper
2380,vanilla yogurt
2381,campbell's
2382,mcbutter
2383,frozen potatoes
2384,weight watchers
2385,sausage meat
2386,onion buns
2387,crushed special k
2388,guacamole salad
2389,crab flavored kamaboko
2390,thighs
2391,whole breast
2392,campbell's mushroom soup
2393,asparagus
2394,grated new
2395,lump of butter
2396,imitation maple
2397,salmon filets
2398,almond slices
2399,drumsticks
2400,white shoepeg corn
2401,baking cocoa
2402,fresh oysters
2403,person
2404,clove of garlic
2405,regular chocolate pudding
2406,cabbages
2407,strawberry supreme cake mix
2408,anise flavoring
2409,chopped nutmeats
2410,grape-nuts
2411,filling
2412,apple rings
2413,grapefruit juice
2414,splenda
2415,alfalfa sprouts
2416,frozen broccoli flowers
2417,vanilla junket
2418,hash brown potatoes
2419,beef roast
2420,pepperoncini
2421,boneless beef cubes
2422,red apple
2423,bacon cheese
2424,cinnamon red hots
2425,dark chocolate
2426,blanched almonds
2427,egg beaters
2428,mushroom steak sauce
2429,valley dressing
2430,fresh greens
2431,alaga syrup
2432,carrot curls
2433,cream of mushroom soup or celery soup
2434,barbecue beef
2435,barbecue pork
2436,'s sauce
2437,cinnamon stick
2438,drops orange
2439,champagne
2440,roast
2441,container whipped topping
2442,four
2443,mint chocolate chips
2444,marshmallow
2445,serrano chilies
2446,baking pwd.
2447,ground steak
2448,peanut candies
2449,cream syrup
2450,pound cake mix
2451,boneless beef chuck
2452,beef suet
2453,french style green beans
2454,maraschino red cherries
2455,cold mashed potatoes
2456,lite cream cheese
2457,nonhomogenized peanut butter
2458,white rose potatoes
2459,whole baby clams with liquid
2460,celery flakes
2461,chile sauce
2462,fresh asparagus spears
2463,ajinomoto
2464,beef chuck roast
2465,cherry gelatin
2466,snickers
2467,purple onions
2468,pared
2469,friendly words
2470,understanding
2471,time
2472,deer
2473,pork fat
2474,extra rich milk
2475,fish
2476,fresh ginger root
2477,cream style corn
2478,hot dog buns
2479,spoonful miracle
2480,red sugar crystals
2481,orange cake
2482,spanish olives
2483,sweet roasted peppers
2484,eggnog
2485,warm oil
2486,italian seasoning or garlic salt
2487,powder
2488,campbell's celery soup
2489,chuck
2490,millet
2491,yeast flakes
2492,onion chips
2493,squirt
2494,soap flakes
2495,mixed dried beans
2496,regular oats
2497,ground cayenne red pepper
2498,powdered garlic
2499,carman seed
2500,salad crispins
2501,king syrup
2502,crystal
2503,chocolate wafer crumbs
2504,coffee granules
2505,box mueselix
2506,cocktail rye bread
2507,seasoning ham
2508,taco chips
2509,butterscotch bits
2510,chicken tenders
2511,mashed ripe banana
2512,caramel syrup
2513,sprite
2514,extra crunchy peanut butter
2515,graham cracker pie shell
2516,tobacco
2517,mushroom soup mix
2518,boneless chicken cutlets
2519,candy-coated chocolate
2520,stack crackers
2521,breasts
2522,fresh coconut
2523,ground green tomatoes
2524,vanilla cake mix
2525,halibut
2526,chocolate bar
2527,milk chocolate morsels
2528,instant pistachio pudding mix
2529,vegetable beef soup
2530,unbaked pie pastries
2531,dill relish
2532,fresh bacon
2533,cream cheese frosting
2534,sorghum
2535,cherrystones
2536,scallion
2537,fresh herbs
2538,frozen rhodes dinner rolls
2539,freshly grated ginger
2540,kale
2541,fresh pork sausage
2542,orange crush drink
2543,light raisins
2544,rotini garden spirals
2545,white rum
2546,tia maria
2547,tomato sauce cans
2548,'s meat marinade
2549,stove top stuffing mix
2550,acorn
2551,kennel corn
2552,hickory nuts
2553,frozen shoe peg corn
2554,bowl sugar
2555,speck of salt
2556,juice
2557,strawberry ice cream
2558,thick rind
2559,galliano liqueur
2560,fruit mix
2561,frozen broccoli spears
2562,chili seasoning mix
2563,lemon jucie
2564,sour cream lite
2565,clam chowder
2566,fresh berries
2567,chicken flavor
2568,milky
2569,frozen pie crust
2570,broccoli slaw
2571,southern style dressing
2572,dried beef
2573,sour cherries
2574,your favorite italian sauce
2575,ginger powder
2576,marjoram leaves
2577,country mustard sauce
2578,bar chips
2579,foods
2580,unshelled shrimp
2581,caramel candies
2582,cornbread crumbs
2583,powdered cloves
2584,cooked grits
2585,tart apple
2586,chicken-rice
2587,chicken/mushroom soup
2588,unsalted tortilla chips
2589,chili meat
2590,comino seed
2591,salad style mustard
2592,corn kernels
2593,condensed nacho cheese soup
2594,olive or
2595,golden grahams
2596,madeira
2597,fresh snipped tarragon
2598,wish-bone italian dressing
2599,red and/or
2600,vegetable broth
2601,tomato catsup
2602,curry rice
2603,rhine wine
2604,tandoor spice
2605,strawberry halves
2606,sweet condensed milk
2607,instant beef bouillon granules
2608,fresh oregano
2609,cinnamon buns
2610,italian seasoning mix
2611,chocolate cake batter
2612,oven-ready
2613,raspberry gelatin
2614,apple pulp
2615,apple butter
2616,nonfat sweetened condensed milk
2617,relish
2618,dream whip*
2619,fresh cucumbers
2620,rabbits
2621,softened ice cream
2622,low oil mayonnaise
2623,graham cracker pie crusts
2624,peach pie filling
2625,pork &
2626,glass
2627,strawberry flavored
2628,cherry flavored
2629,italian spaghetti sauce mix
2630,dusting
2631,shell of milk
2632,without sugar
2633,vanilla filling
2634,fruit topping
2635,amount of water
2636,wild strawberry flavor gelatin
2637,angel food cake cubes
2638,zesta crackers
2639,bar cream cheese
2640,brown sugar substitute
2641,hawaiian punch
2642,fiber
2643,honey puffed cereal
2644,medley cereal
2645,morsels
2646,gumdrops
2647,lemon juice from concentrate
2648,parsnip
2649,trout
2650,shredded monterey cheese
2651,lite ham
2652,marshmallow topping
2653,butterscotch topping
2654,bottles chocolate topping
2655,bacon bits/bacon
2656,couscous
2657,lime wedges
2658,chocolate icing
2659,braunschweiger
2660,heavy plastic spoons
2661,any kind
2662,frozen collard greens
2663,frozen mustard greens
2664,pepper flakes
2665,dough
2666,points
2667,butter cake mix
2668,fresh white fish
2669,bird
2670,ham strips
2671,baby fruit
2672,beef bouillon cubes
2673,frozen stew vegetables
2674,bean with bacon soup
2675,ground black walnuts
2676,long red
2677,ground coriander
2678,'s country
2679,white crab meat
2680,pasta ready
2681,other vegetables
2682,pine nuts
2683,cappellini
2684,active yeast
2685,mint leaves
2686,fresh brisket
2687,frozen crab meat
2688,packets taco
2689,tuna steaks
2690,dried basil
2691,instant beef bouillon
2692,liquid detergent
2693,party rolls
2694,condensed italian tomato soup
2695,instant pistachio pudding
2696,chicken broth plus enough
2697,rotini
2698,frozen vegetables
2699,beef round steak
2700,crumbled basil
2701,italian herb seasoning
2702,mashed fruit
2703,ring
2704,bite size cooked chicken breasts
2705,bite size cooked chicken thigh
2706,mashed bananas
2707,cream spinach
2708,buttery style crackers
2709,kiwi
2710,kidney red beans
2711,glass pimento
2712,vanilla ice milk
2713,poultry season
2714,turkey steaks
2715,browning sauce
2716,venison stew meat
2717,fresh milk
2718,ground seafood seasoning
2719,cooking rice
2720,stalks broccoli
2721,powdered thyme
2722,joes
2723,yellow/white shredded cheese
2724,acini
2725,cured ham
2726,tomato hot sauce
2727,hulled strawberries
2728,baby pearl tapioca
2729,reserved juice
2730,lean stew beef
2731,seasoning mix
2732,mangoes
2733,white navy beans
2734,sausage links
2735,*
2736,whole almonds
2737,horseradish sauce
2738,sweet and
2739,white powdered sugar
2740,campbell's chicken broth
2741,sweet red
2742,starter juice
2743,fruit mixture
2744,eye roast
2745,cracked black pepper
2746,hominy beans
2747,pancake flour
2748,orange sugar
2749,graham cracker crust pie shell
2750,blue cheese
2751,beef sausage
2752,olive oil spray
2753,fresh sage
2754,duckling
2755,ground onions
2756,ground hotdogs
2757,vanilla bean
2758,fifth rum
2759,crusts
2760,frozen italian green beans
2761,red currant
2762,halved red grapes
2763,tube sharp cheese
2764,bucket water
2765,shredded cheddar
2766,peppermint
2767,walnut halves
2768,liquid from beets
2769,corkscrew macaroni
2770,olive wedges
2771,pats of butter
2772,sprinkles marjoram
2773,campbell's condensed cream
2774,salad seasoning
2775,kellogg's croutons
2776,rapidrise yeast
2777,lime flavored gelatin
2778,frosting of your choice
2779,yellow fin tuna
2780,pork marinade
2781,cashew nuts
2782,betty crocker cake mix
2783,realemon juice from concentrate
2784,cherry filling
2785,puffed wheat
2786,head cauliflower
2787,red sugar
2788,frozen ears corn
2789,stouffer's
2790,collard greens
2791,thin smoked beef
2792,venison roast
2793,turmeric +
2794,red pineapple
2795,green pineapple
2796,crystallized cherries
2797,handful
2798,rabbit
2799,mussels
2800,gumbo file
2801,hot rice
2802,instant lemon pudding mix
2803,ground hot peppers
2804,ground bell pepper
2805,roll pork sausage
2806,hot chili salsa
2807,fresh mushroom
2808,farfel
2809,pintos
2810,original hidden
2811,creamed soup
2812,heads lettuce
2813,green chile enchilada sauce
2814,rye
2815,cheese cracker crumbs
2816,campbell's pork
2817,campbell's condensed cream of celery soup
2818,miniature reese's
2819,tostada shells
2820,anise flavor
2821,peppermint flavor
2822,spearmint flavor
2823,wintergreen flavor
2824,clove flavor
2825,cinnamon flavor
2826,ground venison
2827,frozen cauliflower
2828,brussels sprouts
2829,cornbread stuffing mix
2830,lo-cal spicy sweet french dressing
2831,sandwich buns
2832,dry red kidney beans
2833,mild chili seasoning
2834,okra pods
2835,red hot pepper
2836,very thin
2837,pork meat
2838,old-fashioned oatmeal
2839,liquid smoke flavoring
2840,container yogurt
2841,lots of ice
2842,instant lemon pudding
2843,cool whip for topping
2844,chocolate flavor
2845,chinese sesame oil
2846,rice wine vinegar
2847,head chinese cabbage
2848,instant beef bouillon cubes
2849,powdered
2850,very hot lard
2851,red pimento
2852,chili pepper
2853,bitter chocolate
2854,cocktail juice
2855,barbecue spice
2856,veg-e
2857,maple-flavor syrup
2858,cracked pepper
2859,italian zucchini
2860,washed
2861,cannellini beans
2862,regular flour
2863,veal shoulder
2864,new orleans
2865,butter - no substitute
2866,friendship
2867,thoughtfulness
2868,red ground pepper
2869,halves
2870,full size zucchini
2871,canisters crescent rolls
2872,yellow crookneck
2873,tomato wedges
2874,ground onion
2875,broken white bread
2876,lemon zest
2877,butterscotch instant pudding
2878,creamettes
2879,fresh white bread crumbs
2880,chinese cabbage
2881,marinade
2882,mashed capers
2883,sweet italian sausage
2884,grated mozzarella
2885,whipped whipping cream
2886,frozen veggies
2887,recipe secrets
2888,cinnamon candies
2889,armour
2890,bunches broccoli
2891,beef tamales
2892,pineapple ice cream topping
2893,very cold milk
2894,country bread
2895,roll chocolate chip
2896,beet jelly
2897,amount milk
2898,ground rosemary
2899,ground carrots
2900,maple
2901,craisins
2902,tsp.pepper
2903,boneless roast
2904,stone ground rye flour
2905,stone ground corn meal
2906,stone ground
2907,soy
2908,fry bread
2909,pork spareribs
2910,liquid noncalorie sweetener
2911,starch
2912,glycerin
2913,different vegetable dyes
2914,consomme soup
2915,marshmallow crem
2916,buttery round crackers
2917,pancake syrup
2918,shredded sharp cheddar cheese
2919,italian-seasoned bread crumbs
2920,'s ketchup
2921,hot dog sauce
2922,caraway seeds
2923,toffee bits
2924,freshly-popped
2925,party
2926,grater
2927,condensed beef broth
2928,bags
2929,hamburger rolls
2930,sandwich spread
2931,jalapeno slices
2932,layer biscuits
2933,ground bread crumbs
2934,red hot pepper sauce
2935,hot pepper cheese
2936,pumpkin pie filling
2937,short ribs
2938,lesueur peas
2939,cracker roll
2940,fresh pepper
2941,fettuccine
2942,average
2943,fresh okra
2944,prune puree
2945,bake brownies
2946,each jello
2947,vanilla tapioca
2948,devils food cake mix
2949,dish pie crust
2950,chocolate squares
2951,drops red food coloring
2952,'s crabmeat
2953,with juice
2954,cod fillet
2955,arrowhead mills stone ground
2956,carob chips
2957,butternut vanilla flavoring
2958,egg nog
2959,tri-colored cheese tortellini
2960,curly noodles
2961,cooking water
2962,maraschino cherry syrup
2963,lemon soda
2964,thank you apple filling
2965,beef bouillon broth
2966,frozen white bread
2967,chunky fruit
2968,seedless grapes
2969,fish stock
2970,blackberry
2971,lite salt
2972,large tortillas
2973,stove top dressing
2974,white sandwich bread
2975,red karo
2976,batch
2977,minute rice
2978,radish slices
2979,sweet coconut juice
2980,sweet rice flour
2981,crystal white syrup
2982,white chocolate bits
2983,dried apricots
2984,frozen rhubarb
2985,raw spinach
2986,frozen cranberries
2987,baking biscuit mix
2988,nonfat mozzarella cheese
2989,nonfat ricotta cheese
2990,fruit juice from fruits
2991,native vinegar
2992,light syrup
2993,cupcakes
2994,italian lo-cal dressing
2995,vegetable
2996,mozarella cheese
2997,colada mix
2998,dead possum
2999,cheese mix
3000,cucumber slices
3001,honey dressing
3002,cans asparagus
3003,shrimp soup
3004,country ribs
3005,jalapeno black-eyed
3006,liquid hot pepper
3007,roll jimmy
3008,sunbeam bread
3009,macaroni twists
3010,white horseradish
3011,baking flour
3012,tahini
3013,chickpeas garbanzo beans
3014,sweet red bell pepper
3015,frozen cherries
3016,pie apples
3017,hot oil
3018,sweet orange
3019,crisply fried bacon
3020,orange slice candies
3021,thin bread
3022,fra
3023,pumpkin pie spices
3024,frozen seasoning blend
3025,coarse cracker crumbs
3026,chicken thighs
3027,fresh asparagus
3028,cherry jell-o
3029,coca-cola classic
3030,butterscotch flavored
3031,flavor
3032,chicken noodle
3033,veal cutlets
3034,shallow pie shells
3035,vegeburger
3036,wide egg noodles
3037,cornmeal mush
3038,instant bouillon
3039,slab wax
3040,peppermint flavoring
3041,red vegetable coloring
3042,chicken seasoning
3043,condensed evaporated milk
3044,buttermilk biscuits
3045,meringue pie topping
3046,chocolate-flavored syrup
3047,stalks crisp celery
3048,whipped butter
3049,white school glue
3050,liquid sta-
3051,mild cheese
3052,white baking
3053,baking spray
3054,crisp bacon
3055,baby green limas
3056,shell pasta
3057,low-fat
3058,ammonia
3059,charcoal
3060,colored fountain
3061,barrel cheese
3062,yeast cakes
3063,ham pieces
3064,chuck salt
3065,bake cheese
3066,bonnet margarine
3067,cold eggnog
3068,roll slice
3069,pie crusts
3070,orange-pineapple jello
3071,cooked apples
3072,extra-lean ground beef
3073,long grain converted rice
3074,heart healthy cream of chicken soup
3075,buffalo
3076,dark red kidney beans
3077,crabmeat with juice
3078,miracle whip
3079,green string beans
3080,yellow string beans
3081,bird egg beans
3082,brown beans
3083,red coloring
3084,lean chuck
3085,semi-sweet chips
3086,flavoring of choice
3087,food color
3088,spiral noodles
3089,boneless strips chicken
3090,very ripe banana
3091,fisher's black walnuts
3092,fisher's pecans
3093,fisher's cashews
3094,cranberry-orange relish
3095,ground sesame seed
3096,graham cracker ready
3097,shredded fontina
3098,instant powdered milk
3099,powdered cream
3100,luncheon meat
3101,favorite chicken
3102,beef steak
3103,jalapeno chilies
3104,sugar replacement
3105,unsweetened rhubarb
3106,yellow limas
3107,chocolate candy melts
3108,instant cocoa
3109,black raspberry gelatin
3110,liquid starch
3111,white chunk chicken
3112,unsalted crackers
3113,accent salt
3114,spring macaroni
3115,dairy sour cream
3116,layer yellow cake mix
3117,vanilla ready frosting
3118,hot bulk sausage
3119,salted almonds
3120,sticks
3121,estates seven oaks cabernet
3122,enough monterey
3123,italian flavored stewed
3124,graham cracker crumb crust pastry shell
3125,jalapeno
3126,crab boil
3127,washed clean
3128,flan
3129,orange tang
3130,zwieback crust
3131,mint flavored chocolate chips
3132,frozen tater
3133,ready-to-serve chicken
3134,frozen spinach souffle
3135,tomato sauce special
3136,fryers
3137,tortilla shells
3138,drained kraut
3139,red pimentos
3140,boneless beef chuck roast
3141,midori liqueur
3142,red food color
3143,softasilk cake flour
3144,kosher coarse salt
3145,pioneer biscuit mix
3146,shortbread cookies
3147,ground clove
3148,regular velveeta
3149,hot pete
3150,chocolate chip ice cream
3151,tortilla
3152,ground beef patty
3153,chick beans
3154,green limas
3155,recipe biscuits
3156,fresh raspberries
3157,leftover ham
3158,crushed juice pack pineapple
3159,turkey breast cutlets
3160,garlics
3161,lean ground meat
3162,pork shoulder steak
3163,milk chocolate blocks
3164,pet-ritz pie crust shell
3165,burrito shells
3166,burrito mix
3167,cartons
3168,some oil
3169,horse
3170,radish
3171,rutabagas
3172,ramen
3173,ham chunks
3174,strawberry bacardi
3175,red sweet onion
3176,orange pekoe tea bags
3177,containing
3178,mozzarelle
3179,very ripe avocado
3180,tomato slices
3181,green salsa
3182,yolks
3183,ready-bake pie crusts
3184,egg color
3185,dish crust
3186,cubed apples
3187,instant lemonade
3188,granny apples
3189,vinaigrette
3190,'s applesauce
3191,low-fat monterey
3192,strawberry-flavored gelatin
3193,baby food peaches
3194,orange-grapefruit juice
3195,italian style bread crumbs
3196,cracklings
3197,mushroom pieces
3198,butterscotch
3199,joes sauce
3200,pita breads
3201,boneless breast
3202,chinese rice
3203,cola
3204,white bread crumbs
3205,wine sauce
3206,rice crispies cereal
3207,crust pie dough
3208,pesto
3209,taco sauce mix
3210,processed cheese
3211,fresh grated orange peel
3212,solid crisco
3213,prepared pie filling
3214,ground red
3215,jumbo lump backfin crab
3216,lean ground raw turkey
3217,apricot fruit spread
3218,sweet pickled salad cubes
3219,corn stuffing mix
3220,boiling/roasting chicken
3221,red burgundy wine
3222,hot chili beans
3223,cranberry
3224,beef stew
3225,pork cubes
3226,clove
3227,wild onions
3228,curly endive
3229,sunflower
3230,herb-red wine vinegar
3231,orange spice herbal tea bags
3232,whole wheat pie
3233,safflower
3234,lean bacon
3235,lesueur shoe peg corn
3236,delicious apples
3237,sugar-free cherry
3238,buttered cracker crumbs
3239,some crust
3240,sompin
3241,lean beef stew meat
3242,bottles whiskey sour mix
3243,red tart cherries
3244,crunchy nugget cereal
3245,other greens
3246,frozen white corn
3247,cans great northern beans
3248,crawfish
3249,shell noodles
3250,heated cream
3251,galliano
3252,whip cream
3253,sweet green peas
3254,boneless round steak
3255,red bell peppers
3256,white heinz vinegar
3257,pickling spices
3258,candied peel
3259,red/green pepper
3260,matzo meal
3261,very warm milk
3262,lemon flavored cake mix
3263,raspberry yogurt
3264,cold butter
3265,italian mushroom rice
3266,tenderloins
3267,turkey broth
3268,pear sauce
3269,boiling beef
3270,unsweetened coconut
3271,low-fat ricotta cheese
3272,red cherries
3273,light whipped cream
3274,fresh ground turkey
3275,bite-size pieces lettuce
3276,white albacore tuna
3277,chicago
3278,valley
3279,salad greens
3280,starter
3281,flako pie crust
3282,sour half and half
3283,potato flakes
3284,meatballs
3285,meatball meat
3286,chicken roaster
3287,red sauce
3288,chili hot beans
3289,peas optional
3290,oil of choice
3291,meats
3292,endive
3293,beef tip
3294,condensed beef
3295,jalapeno salsa
3296,mashed strawberries
3297,fashion cheese
3298,roll sugar cookies
3299,king crab
3300,packets washington brown seasoning broth
3301,frozen soup vegetables
3302,sour cream onion
3303,buttered cornflake crumbs
3304,pack cream cheese
3305,nectar
3306,regular vanilla pudding
3307,stove top stuffing chicken flavor
3308,wings
3309,marinade sauce
3310,pear
3311,nabisco vanilla wafers
3312,fresh squeezed lemon juice
3313,leaf marjoram
3314,sections
3315,ground suet
3316,lemon oil
3317,nacho cheese chips
3318,red skin potatoes
3319,aluminum foil
3320,instant butterscotch pudding mix
3321,ortego chilies
3322,cherry fruit filling
3323,trays ice cubes
3324,maggi sauce
3325,scallion tops
3326,pickapeppa sauce
3327,coating
3328,vanilla instant pie
3329,baking cups
3330,additional peanut butter
3331,artificial sweetener
3332,muffin halves
3333,a.
3334,codfish
3335,fresh hot pepper
3336,avocado pear
3337,coating chocolate
3338,rapid-rising
3339,coconut icing
3340,boneless rump
3341,baby pearl onions
3342,chick
3343,cloves garlic
3344,white sauce
3345,crispy rice cereal
3346,solid crisco shortening
3347,old-fashioned oatmeal flakes
3348,crushed cracker crumbs
3349,mint flavor
3350,firewood
3351,wash
3352,handle
3353,flats
3354,paper
3355,friends
3356,fluid milk
3357,bisquick streusel
3358,boneless beef roast
3359,famous sauce
3360,grilled chicken
3361,white shoe peg corn
3362,red kidney
3363,lasagna wide noodles
3364,corn flour
3365,crust pie
3366,caramel
3367,frozen bread
3368,mushroom gravy
3369,blooms
3370,hot cream
3371,sirloin steaks
3372,chili bans
3373,hot mustard
3374,mint
3375,crusty italian bread
3376,pastel mint
3377,reddi-wip
3378,chinese vegetables
3379,olive juice
3380,worcestershice sauce
3381,catalina dressing
3382,condensed sweetened milk
3383,pet-ritz
3384,roll sausage
3385,pimiento strips
3386,realemon juice
3387,liquid from peas
3388,ground deer
3389,all-bran
3390,each soda
3391,deer loin
3392,butter chips
3393,spanish seasoning
3394,instant chocolate pudding mix
3395,boneless sirloin steak
3396,frozen pie crusts
3397,pork loin roast
3398,bartlett
3399,pear cider
3400,apricot gelatin
3401,pastry shells
3402,chocolate pie filling
3403,broth from chicken
3404,poke greens
3405,grape jello
3406,campanealle noodles
3407,yellow pepper
3408,patience
3409,love
3410,space
3411,fresh halved mushrooms
3412,frozen artichoke hearts
3413,grated monterey cheese
3414,cumin powder
3415,morton tender
3416,red cooking wine
3417,buttermilk dressing
3418,doves
3419,dish pie shell
3420,chicken stuffing
3421,thick applesauce
3422,spread
3423,kraft lite
3424,lesueur green peas
3425,minestrone soup
3426,lemon and vanilla
3427,rosmarino pasta
3428,banana instant pudding
3429,peck
3430,mixed pickle spice
3431,ground lamb
3432,red chili
3433,fresh carrots
3434,fresh squash
3435,lunch meat
3436,hard-boiled eggs
3437,marinara sauce
3438,basil flakes
3439,loin
3440,coarse-grain
3441,each cider vinegar
3442,coarse grind black pepper
3443,bottles vinaigrette
3444,mixed spiced
3445,fresh-grated lemon peel
3446,'s chili beans
3447,coarse pepper
3448,brick new
3449,whole grain corn
3450,red syrup
3451,red jell-o
3452,owens sausage
3453,white and
3454,virginia ham
3455,ground round steak
3456,valley original salad dressing
3457,chocolate wafer cookie crumbs
3458,beef bouillon soup
3459,phillip's pork
3460,beef franks
3461,chervil
3462,up
3463,seedless white grapes
3464,peck ripe tomatoes
3465,raspberry flavored gelatin
3466,parsley sprig
3467,italian ham
3468,sherry wine
3469,jumbo shells
3470,spice cake
3471,broiler-fryer
3472,vegetable cooking oil
3473,cloves spice
3474,sesame seed plus
3475,thin cucumbers
3476,golden cake mix
3477,broccoli spears
3478,french vanilla pudding
3479,coarse
3480,thin slices ham
3481,muenster cheese
3482,hormel bacon bits
3483,campbell's alphabet
3484,chicken bouillon granules
3485,frozen asparagus
3486,french mustard
3487,black raspberry jello
3488,blackberry juice
3489,red radishes
3490,lye
3491,boiling chicken
3492,tandoori mix
3493,rice chex cereal
3494,graham cracker
3495,chili peppers
3496,campbell's nacho cheese soup
3497,same size
3498,sauterne wine
3499,snyders pretzels
3500,raspberry jelly
3501,head
3502,lemon instant pudding mix
3503,cream of chicken soup mix
3504,hickory smoked salt
3505,generous dashes
3506,white granulated sugar
3507,vanilla sugar
3508,velveeta slices
3509,hash brown southern style potatoes
3510,crab delights
3511,veal filets
3512,orange flavored
3513,vanilla dessert
3514,beef tips
3515,pecan nuts
3516,frozen snow
3517,fresh broccoli flowerets
3518,alfredo sauce
3519,flaked crabmeat
3520,chicken strips
3521,orange vinegar
3522,progresso black beans
3523,vidalia sweet onions
3524,oyster sauce
3525,fresh snow peas
3526,vanilla frosting
3527,chocolate-covered round mint cookies
3528,coarse grain
3529,thin stick pretzels
3530,fresh mint
3531,nonfat italian dressing
3532,pita bread
3533,nacho cheese flavor
3534,'s cheese
3535,garbanza mashed
3536,whole wheat
3537,beef style seasoning
3538,mandarin orange sections
3539,chicken gumbo
3540,california nectarines
3541,fresh california bartlett
3542,leaf basil
3543,whole wheat pastry flour
3544,campbell's condensed cream of chicken
3545,refrigerated biscuits
3546,yellow cornbread
3547,campbell's clam chowder
3548,small cheese crackers
3549,bite size pretzel nuggets
3550,griffin's vanilla
3551,instant gravy mix
3552,brown and serve sausage
3553,center
3554,coarse ground black pepper
3555,chicken gizzards
3556,onion tops
3557,lean stew
3558,butterscotch drops
3559,dove breasts
3560,cocktail size rye bread
3561,comstock pie filling
3562,biscuit
3563,nutrasweet spoonful
3564,quick-cooking
3565,cubed rhubarb
3566,lean salt
3567,pistachios
3568,sweet green pepper
3569,sweet yellow pepper
3570,italian seasoned breadcrumbs
3571,salt pork liquor
3572,beef flank
3573,barbecue beans
3574,bean
3575,nilla wafers
3576,cold baked potatoes
3577,amount of cooking oil
3578,armadillo
3579,rock
3580,snack raisins
3581,vegetable combination
3582,cream-style horseradish
3583,peach juice
3584,percolator
3585,c.oleo
3586,honeydew
3587,cooled raisin water
3588,thin strips carrots
3589,thin strips red bell pepper
3590,thin strips summer squash
3591,thin strips zucchini
3592,chicken rice soup
3593,blueberry pie mix
3594,whipped cream topping
3595,smoke flavor
3596,sliced meat
3597,thawed whipped topping
3598,yellow jiffy cake mix
3599,bite-size chicken
3600,natural almonds
3601,cream of mushroom soup or cream of chicken soup
3602,hi
3603,leaf oregano
3604,leaf rosemary
3605,dill sprigs
3606,corn tortilla chips
3607,sprinkling of pepper
3608,vegetable flakes
3609,white royal
3610,italian style dressing
3611,pack skim
3612,mashed sweet potato
3613,bacalao
3614,julienne pimentos
3615,pineapple bits
3616,pastry pie shell
3617,lemon flavored ice tea
3618,lemonade mix with equal
3619,candied citron
3620,iodized salt
3621,bbq sauce
3622,cold ginger ale
3623,shasta creme soda
3624,laurel leaf
3625,taco cheese
3626,lasagna
3627,white cornmeal
3628,shredded wheat chex
3629,thin celery
3630,ground red cayenne
3631,banana cake mix
3632,banana flavoring
3633,mixed pickling spice
3634,dark karo
3635,c.oil
3636,stella d'oro anginetti puffs
3637,cherry halves
3638,vanilla pudding mix
3639,mashed prunes
3640,joes mix
3641,cartons creamed cottage cheese
3642,mince meat
3643,peels
3644,walnut meats
3645,awake frozen orange juice
3646,peach preserves
3647,mixed beans
3648,freshly ground nutmeg
3649,fontina cheese
3650,gourmet parmesan
3651,boneless skinless chicken breast halves
3652,tart shells
3653,florida grapefruit
3654,florida oranges
3655,thin noodles
3656,cumin seed
3657,butterscotch pudding mix
3658,pear juice
3659,crushed soda crackers
3660,ground italian sausage
3661,hormel real bacon bits
3662,thin pretzels
3663,orange wedges
3664,leftover turkey
3665,head broccoli
3666,extra oil
3667,seafood of your choice
3668,boneless beef sirloin
3669,red enchilada sauce
3670,colby monterey jack cheese
3671,regular long grain rice
3672,veal round
3673,chicken with rice soup
3674,pulp
3675,lemon cake
3676,cream of wheat
3677,white sauce mix
3678,cans kraut
3679,cayenne peppers
3680,creme de banana
3681,puerto
3682,old-fashioned
3683,all-purpose biscuit mix
3684,low-fat vanilla wafers
3685,partly
3686,vegetable/chicken stock
3687,frozen hawaiian
3688,ida potatoes
3689,fresh chervil
3690,handful of pecans
3691,couple
3692,chile powder
3693,see moi
3694,hawaiian salt
3695,crescent dinner
3696,hormel chili without beans
3697,pepper cheese
3698,orange candy
3699,regular milk
3700,'s cajun
3701,ham loaf mix
3702,white mustard seed
3703,deli-style
3704,round steak
3705,blueberry pie topping
3706,slivers
3707,filo dough
3708,light sour cream
3709,white chestnuts
3710,macaroons
3711,bok choy
3712,almond-honey
3713,red candied cherries
3714,knorr soup mix
3715,cashew pieces
3716,fiesta
3717,swiss chard
3718,plaster
3719,liquid tempera
3720,margarine tubs
3721,sesame crackers
3722,ground up deer meat
3723,watchers
3724,white cheese
3725,kraft raspberry preserves
3726,lump crab meat
3727,butterfingers
3728,granulated beef bouillon
3729,fluffy cooked rice
3730,kernel sunflower seeds
3731,apple slices
3732,boston butt
3733,ligth corn syrup
3734,chocolate cookies
3735,crisp cornflakes
3736,soup meat
3737,soup bone
3738,yeast cake
3739,chocolate hershey
3740,shredded carrot
3741,eggshell
3742,yellow cake coloring
3743,leaf lettuce
3744,several green tomatoes
3745,vidalia onions
3746,unsweetened instant tea
3747,unsweetened lemonade mix
3748,crusty
3749,almost
3750,pectin
3751,beef meat
3752,portabella caps
3753,sausage patties
3754,bottles catsup
3755,amount vinegar
3756,lean beef round
3757,regular cranberry sauce
3758,buttered crumbs
3759,country-style
3760,round rye bread
3761,chopped cheese
3762,coconuts
3763,mint jelly
3764,dark brown sugar
3765,cubed beef stew meat
3766,suet
3767,angel hair pasta
3768,coarse cornmeal
3769,gorgonzola cheese
3770,cream-style yellow corn
3771,chuck carrots
3772,avzicodo
3773,cauliflower florets
3774,italian
3775,fresh haddock
3776,fresh bananas
3777,packets instant chicken broth/seasoning mix
3778,baking chips
3779,imitation rum
3780,chicken quarters
3781,tomato bisque
3782,bread dough
3783,amount paraffin
3784,hot shortening
3785,instant espresso coffee
3786,ground coffee
3787,heavy whipping cream
3788,recipe homemade buttermilk
3789,extra sugar
3790,regular marshmallows
3791,pasta sauce
3792,level tsp.
3793,pina colada mix
3794,lemon flavored instant tea
3795,bisquick flour
3796,favorite spaghetti sauce
3797,your favorite chocolate frosting
3798,quahaugs
3799,creamer
3800,dark rye bread
3801,elephant
3802,vegetable juice cocktail
3803,lemon juice concentrate
3804,pared apples
3805,bread type
3806,vegetarian skallops
3807,sweet oranges
3808,vanilla frozen yogurt
3809,granulated nutrasweet
3810,freshly popped popcorn
3811,egg plant
3812,cracker crumbs for topping
3813,papaya
3814,bibb lettuce
3815,chicken flavor bouillon
3816,penne
3817,flat leaf parsley
3818,apple pie spices
3819,containers ricotta cheese
3820,exchanges fruit
3821,leaves lettuce
3822,mixed dried fruit
3823,whole wheat flakes cereal
3824,chicken legs
3825,acorn squash
3826,parsley springs
3827,long-grain rice
3828,mint chip ice cream
3829,pita pocket bread
3830,confectionary sugar
3831,red cocktail sauce
3832,hillshire beef sausage
3833,campbell's beef
3834,coleslaw mix
3835,low-fat ramen noodles
3836,orange drink
3837,beef consume
3838,white cooking wine
3839,type poultry dressing
3840,glass grape juice
3841,white confectionery coating
3842,basket
3843,campbell's condensed golden corn soup
3844,regular jimmy dean sausage
3845,ground vanilla wafers
3846,homemade noodles
3847,almond slivers
3848,chocolate flavored
3849,packets sugar
3850,nonstick vegetable spray
3851,low-fat farmer cheese
3852,dry lentils
3853,drops red food color
3854,watermelon balls
3855,nectarine
3856,grape leaves
3857,cavatelli
3858,no-boil
3859,popsicle sticks
3860,japanese bean paste
3861,white almond bark
3862,green maraschino cherries
3863,smooth applesauce
3864,lobsters
3865,chocolate stars
3866,drops of pepper sauce
3867,cuts
3868,pineapple liquid
3869,drops almond
3870,pods
3871,salt pork drippings
3872,chocolate creme drops
3873,fresh scallops
3874,ground beef seasoning
3875,freshly grated romano cheese
3876,cherry jello mix
3877,powdered hawaiian
3878,shortening and margarine
3879,white frosting
3880,espresso coffee
3881,mascarpone
3882,glutamate
3883,hollandaise sauce
3884,rice pilaf
3885,red delicious apples
3886,additional parsley
3887,soft shell tacos
3888,red leaf
3889,instant coconut pie filling
3890,balsamic
3891,fresh boneless
3892,sunflower nuts
3893,pumpkin puree
3894,funnel
3895,candies cherries
3896,candied lemon peel
3897,your favorite tea
3898,native
3899,wienies
3900,black mustard seed
3901,ronzoni
3902,whole kernel golden sweet corn
3903,rump roast
3904,lemon salt
3905,like
3906,hazelnuts
3907,hazelnut
3908,ro-tel chili and tomatoes
3909,apricot brandy
3910,low-fat cream cheese
3911,calorie pie filling
3912,nacho cheese soup
3913,chili beef
3914,cooking muscatel dry wine
3915,coke
3916,egg roll skins
3917,salal berries
3918,salal juice
3919,ground thyme
3920,cheddar soup
3921,ground apples
3922,fresh slices ginger
3923,young carrots
3924,chocolate dates
3925,firm tofu
3926,unsalted smooth peanut butter
3927,mediterranean black olives
3928,tamari
3929,low-salt
3930,soul seasoning
3931,gin
3932,semi-sweet pieces
3933,tender okra
3934,toppings
3935,porcini mushrooms
3936,arborio rice
3937,estates riverstone
3938,bavarian whipping cream
3939,thin ham
3940,jelly
3941,frosting
3942,whiskers
3943,decorations
3944,condensed black bean soup
3945,cod fillets
3946,chicken stock base
3947,instant dry milk
3948,muffin mix
3949,karo syrup
3950,adams wheat beer
3951,frozen onions
3952,torn leaf lettuce
3953,bite-size pretzels
3954,gallon milk
3955,chili-beef soup
3956,recipe secrets fiesta
3957,rich cream
3958,lemon concentrate
3959,white/cider vinegar
3960,frozen fish
3961,meat sauce
3962,handful pickling
3963,vegetable supreme
3964,bunches collards
3965,overflowing tsp
3966,strawberry cream cheese
3967,flounder fillets
3968,leftover roast beef
3969,refrigerator
3970,strawberry pie filling
3971,ground walnut meats
3972,italian seasonings
3973,fettuccine noodles
3974,frozen concentrate
3975,ground celery
3976,dried lentils
3977,white cracker crumbs
3978,raspberry preserves
3979,italian style salad mix
3980,fettucine noodles
3981,glutenous rice flour
3982,bread stuffing
3983,nutritional yeast
3984,pork butt
3985,uncle ben's rice
3986,black-eyed beans
3987,light olive oil
3988,olive liquid
3989,cubed beef
3990,vanilla baking chips
3991,jars junior baby food carrots
3992,boneless skinless chicken breasts
3993,combination
3994,flaky refrigerator
3995,anisette liqueur
3996,ground chicken
3997,fresh cream
3998,different
3999,liqueur
4000,bunches
4001,pocket
4002,vanilla beans
4003,krakiwska kielbasa
4004,prasky
4005,head of cabbage
4006,bottle ortega taco sauce
4007,berry vinegar
4008,italian-style
4009,oyster hot tomato ketchup
4010,brand cereals
4011,cook oatmeal
4012,crumb stuffing
4013,rings kielbasa
4014,roaster
4015,pimento olives
4016,cucumber juice
4017,bonnet
4018,stewing hen
4019,chili pwd
4020,white vanilla flavoring
4021,vegetable dip
4022,firm banana
4023,sirloin beef
4024,campbell's cheddar cheese soup
4025,natural swiss cheese
4026,butter bread crumbs
4027,giblets
4028,fresh pears
4029,soft shortening
4030,pie cherries
4031,bite-sized pieces
4032,creme caramel light yogurt
4033,light mayonnaise
4034,boneless sirloin
4035,coarse ground pepper
4036,green relish
4037,sesame
4038,weak beef broth
4039,cold cooked rice
4040,mrs. knorr vegetable soup mix
4041,white glue
4042,borax powder
4043,very ripe mashed
4044,chops
4045,broad noodles
4046,malt-o
4047,your favorite tomato sauce
4048,cold mashed potato
4049,frozen puff pastry shells
4050,pastry crusts
4051,mushroom soup and/or
4052,shrimp boil
4053,satsumas
4054,cold chicken
4055,rigatoni noodles
4056,chilean sea bass
4057,crumbled soda crackers
4058,hot red pepper
4059,tostado chips
4060,cream cheese shells
4061,tomato pulp
4062,grouper
4063,mustard powder
4064,liquid red pepper
4065,head garlic
4066,strained yogurt
4067,baby spinach
4068,another
4069,white seedless grapes
4070,salad olives
4071,bottle red food coloring
4072,presweetened cherry
4073,drops peppermint
4074,buttery crackers
4075,frosting of choice
4076,stick cracker barrel cheese
4077,bake sugar cookie
4078,brandy/liquor
4079,red bliss potatoes
4080,bluegill fillets
4081,melted cheese
4082,muffin
4083,grated pears
4084,cherry pie filing
4085,recipe
4086,italian style stewed
4087,sherry flavoring
4088,scallions including stems
4089,regular tea bags
4090,cranberry juice drink
4091,liquid nondairy creamer
4092,chilled margarine
4093,yolks of eggs
4094,fresh celery
4095,rolls refrigerator chocolate chip cookie
4096,lemon rinds
4097,of wheat germ
4098,herbal dressing
4099,rosamarina macaroni
4100,gravy
4101,after
4102,presto cake flour
4103,low-fat chicken broth
4104,low-fat cheese
4105,corkscrew pasta
4106,chuck chop
4107,ground veal
4108,ground dried red chile
4109,poblano chile
4110,red hot cinnamon
4111,fresh crisp rice cereal
4112,leaves
4113,fresh chicken
4114,saltpetre
4115,semisweet chocolate
4116,dessert topping
4117,golden onion soup
4118,white converted rice
4119,farina
4120,fresh-
4121,buttermilk pancake mix
4122,walnut bits
4123,layer onions
4124,layer tomatoes
4125,layer cheese
4126,long pkg
4127,andouille smoked sausage
4128,instant beef granules
4129,monterey
4130,spanish chorizos
4131,red jelly
4132,italian sweet sausage links
4133,manicotti shells
4134,lean white bacon
4135,cooking powder
4136,lime-flavored gelatin
4137,turkey breast slices
4138,curd creamed cottage cheese
4139,king
4140,guava paste
4141,nutmegs
4142,glasses wine
4143,'s chili mix
4144,grape gelatin
4145,tender sweet corn
4146,hawaiian
4147,pop
4148,coco
4149,concord grape jello
4150,pan cornbread
4151,skinless breasts
4152,potato soup
4153,whale oil
4154,layer white cake mix
4155,strawberry pop
4156,regular pie crust
4157,concord grapes
4158,lean deer meat
4159,bacon yeast
4160,other pasta
4161,country ham
4162,super
4163,amount of catsup
4164,butterscotch caramel topping
4165,tri-color fusilli
4166,fish sauce
4167,sizzlers sausage
4168,tube pan
4169,yellow peppers
4170,boneless veal
4171,chicken bouillon crystals
4172,italian sausages
4173,worcestershire powder
4174,chopped ripe
4175,fresh snow
4176,chilled whipping cream
4177,lemon-limeade mix
4178,lime sherbet ice cream
4179,creamer plus water
4180,pea beans
4181,low-calorie
4182,cream filled chocolate cookies
4183,frozen sweet peas
4184,frozen meat
4185,alaskan king crab
4186,bass fillets
4187,cheese tortellini
4188,chicken drummettes
4189,real cream
4190,carton whipped topping
4191,strawberry slices
4192,boneless chuck
4193,green and/or
4194,cranberry beans
4195,then mashed
4196,rainbow rotini pasta
4197,cream of chicken mushroom soup
4198,oscar mayer bacon
4199,japanese rice vinegar
4200,canadian bacon
4201,instant banana cream pudding
4202,flavoring
4203,salad potatoes
4204,cajun sausage
4205,roll garlic cheese
4206,chocolate milk
4207,nonfat hot fudge
4208,nonfat cream cheese
4209,frying chickens
4210,fresh mushroom buttons
4211,heavy whipped cream
4212,bottles ginger
4213,hot roll
4214,grape
4215,equal sugar
4216,ground parmesan cheese
4217,ground romano cheese
4218,beverage crystals
4219,gold medal flour +
4220,sake
4221,mirin
4222,chicken livers
4223,shichimi
4224,milnot
4225,shoe peg corn
4226,crisp
4227,wonton wrappers
4228,milk chocolate candies
4229,butter crackers
4230,honeydew melon
4231,flavored yogurt
4232,tomato soup mix
4233,italian good seasons dressing mix powder
4234,cornish hen per
4235,chinese parsley
4236,fresh chuck beef
4237,your choice fruit topping
4238,kiwi fruit
4239,serrano chili
4240,solid-pack pumpkin
4241,limeade concentrate
4242,couple drops
4243,skillet of corn bread
4244,serving size orange jello
4245,guacamole sauce
4246,ground cayenne pepper
4247,chinese snow peas
4248,chunk roast beef
4249,all-ready pie crust
4250,veal steak
4251,beef-flavored ramen noodles
4252,pineapple sherbert
4253,cake batter
4254,green olive juice
4255,peppermint schnapps
4256,sweet sue barbecue chicken
4257,peach gelatin
4258,dew soda
4259,fresh ground hamburger
4260,mixed italian seasonings
4261,instant onion
4262,rye whiskey
4263,ruta
4264,five spice powder
4265,box wheat chex
4266,white chocolate wafers
4267,nonfat dry granules
4268,conch
4269,'s salsa
4270,want
4271,graham crumbs
4272,grapefruit soda
4273,chocolate ready crust
4274,semi-sweet baking chocolate
4275,limeade
4276,clear vanilla
4277,hormel no bean chili
4278,sardines
4279,anchovy filets
4280,amount parsley
4281,roll sugar cookie
4282,condensed celery soup
4283,biscuit mix pastry
4284,dark syrup
4285,mushroom sauce
4286,beef stew mix
4287,acting yeast
4288,blintzes
4289,tiny new potatoes
4290,torn lettuce
4291,strawberry soda
4292,banana slices
4293,dried navy beans
4294,homogenized milk
4295,vidalia
4296,buttery flavored crackers
4297,pineapple cake
4298,chocolate candy coating
4299,regular margarine
4300,herb bread crumbs
4301,yellow rice
4302,long-grain white rice
4303,chopped kraut
4304,vanilla almond bark
4305,chicken soup starter
4306,hot cooked egg noodles
4307,semi-sweet chocolate chunks
4308,sweet green peppers
4309,instant mashed potato
4310,baby peas
4311,kelp
4312,italian seasoned dry bread crumbs
4313,salerno vanilla
4314,flowers with
4315,large red
4316,herb flavored stuffing mix plus rice
4317,additional confectioners sugar
4318,instant non-
4319,lemon jello mixed
4320,hot cocoa
4321,morton tender quick
4322,shaved ham
4323,bags spinach
4324,dry powder mustard
4325,bagoong
4326,bitter
4327,plum
4328,flavors
4329,turmeric root
4330,beef rump roast
4331,salad pepperoncini
4332,italian spices
4333,boneless short ribs
4334,filling with
4335,pickle slices
4336,green chile peppers
4337,tiny peas
4338,blanched
4339,whole wheat flour tortillas
4340,regular cocoa
4341,hot tamales
4342,candied mandarin
4343,moist raisins
4344,moist currants
4345,blackberry jelly
4346,cherry cooking wine
4347,coffeemate
4348,sour cream alternative
4349,mustrrd
4350,minute steaks
4351,white shoe peg
4352,philadelphia cheese
4353,long grain raw rice
4354,red skinned apples
4355,strawberry yogurt
4356,frozen parker
4357,velvetta cheese
4358,fresh breadcrumbs
4359,red chile
4360,lots of salt
4361,shoyu sauce
4362,sizzlean
4363,sandwich rolls
4364,wish-bone italian salad dressing
4365,chocolate candies
4366,low sugar
4367,pepper dressing
4368,loose sausage
4369,recipe matzo
4370,water-pack tuna
4371,condensed canned milk
4372,links
4373,ground gingersnaps
4374,toasties
4375,leaf tarragon
4376,leaf chervil
4377,milk chocolate bits
4378,milk chocolate pudding
4379,frozen baby lima beans
4380,andes chocolate
4381,mints
4382,green butter
4383,thin strips chicken breast
4384,green giant american mixtures california style
4385,hot cooked pasta
4386,dark sugar
4387,__
4388,cold fluffy rice
4389,andouille
4390,cajun-style stewed
4391,jalapeno bean dip
4392,green chives
4393,frozen puff pastry
4394,bacon slices
4395,blended oatmeal
4396,strawberry jello powder
4397,package jello
4398,grandma molasses
4399,ham slice
4400,lean round steak
4401,kraft natural cheddar cheese
4402,freshly cooked beets
4403,chicken-flavored bouillon granules
4404,cinnamon oil
4405,dish pie crusts
4406,green giant mexican style beans
4407,quick-cooking oats
4408,huckleberries
4409,sweet dough
4410,black pitted cherries
4411,boiled ham
4412,full of milk
4413,chopped meat
4414,roll crescent rolls
4415,very lean stew beef
4416,campbell's bouillon
4417,horseradish mustard
4418,choy
4419,clarified butter
4420,madeira wine
4421,white lily flour
4422,cold skim milk
4423,barbecue dry flavoring
4424,corn ears
4425,olive butter
4426,vanilla wafer
4427,mango peppers
4428,regular sausage
4429,mushroom buttons
4430,malt
4431,dutch
4432,bouillon beef cubes
4433,campbell's new cream
4434,frozen asparagus cuts
4435,gold rum
4436,peach yogurt
4437,unflavored jello
4438,broccoli crowns
4439,cream of campbell's soup of your liking
4440,refrigerated pie crusts
4441,roll hot sausage
4442,beef broth soup
4443,beef sirloin
4444,cold beef stock
4445,buttered noodles
4446,frozen beef meatballs
4447,bundt pan
4448,venison shoulder
4449,tenderizer
4450,irish whiskey
4451,stove top for pork
4452,light biscuit mix
4453,passion-orange juice
4454,green zucchini
4455,steak tips
4456,boneless codfish
4457,dark rum
4458,sweet sherry
4459,soy mayonnaise
4460,fusilli pasta
4461,red seedless grapes
4462,green ortega chilies
4463,garlic wine vinegar
4464,shredded red cabbage
4465,decorator icing
4466,pits
4467,candy-coated milk
4468,yellow corn tortilla chips
4469,colored sprinkles
4470,purpose mix
4471,ground sausage
4472,frozen california
4473,light chocolate
4474,white summer coating
4475,caramelized sugar
4476,regular white rice
4477,vanilla jello pudding mix
4478,lean boneless pork shoulder
4479,sausage roll
4480,burnt sugar flavor
4481,bread crumbs for
4482,bunches green onions
4483,veal fillet
4484,anchovy fillet
4485,c.water
4486,irish cream liquor
4487,soup mix
4488,dark chocolate cake mix
4489,all-purpose seasoning
4490,toffee bars
4491,cinnamon candy
4492,ronzoni curly
4493,turkey breast
4494,gumbo mix
4495,herb seasoned stuffing bread crumbs
4496,tsp.butter
4497,watermelon
4498,thin slices mozzarella cheese
4499,low-calorie buttermilk dressing
4500,farmer cheese
4501,malibu rum
4502,seeded green pepper
4503,purple hull peas
4504,ground deer meat
4505,frozen pineapple
4506,red cinnamon
4507,southern hash brown potatoes
4508,cheese whiz
4509,mrs. wages
4510,hickory salt
4511,vinaigrette dressing
4512,thins
4513,italian sweet sausage
4514,snow
4515,honey dates
4516,country time
4517,stalks green onions
4518,shiitake
4519,pork sausage links
4520,water carp
4521,beefy onion
4522,marinade reserve
4523,pot roast
4524,green noodles
4525,bread crumbs with
4526,ready-to-mix borden mincemeat
4527,moose shoulder
4528,shoots
4529,chocolate instant
4530,cake layers
4531,hot roast beef drippings
4532,hot velveeta
4533,herb mix
4534,three bean salad
4535,october beans
4536,raspberry jam
4537,loaves bread
4538,beef liver
4539,oven
4540,spoon
4541,opener
4542,plum wine
4543,mandarin syrup
4544,water water
4545,black peppers
4546,streusel
4547,cheerwine
4548,bay scallops
4549,canisters
4550,mixed pecan
4551,chocolate devil
4552,garlic soup
4553,low-fat vanilla yogurt
4554,peeled shrimp
4555,liquid crab boil
4556,fresh chopped tomatoes
4557,warm ketchup
4558,mini cocktail franks
4559,vanilla icing
4560,parkay
4561,white lily plain
4562,avocado dip
4563,nots
4564,strawberry juice
4565,stroganoff egg noodles
4566,fresh turkeys
4567,light salt
4568,nonfat milk
4569,ground comino
4570,recipe caramel cream cheese filling
4571,collards
4572,sweet cider
4573,potato chip crumbs
4574,graham flour
4575,packet equal
4576,blackberry jello
4577,blackberry wine
4578,butter cracker crumbs
4579,ground country ham
4580,grated orange peel
4581,pigs feet
4582,acid
4583,trays ice
4584,cocoa blend
4585,lean pork loin
4586,currant
4587,peck cukes
4588,red hot peppers
4589,bay seafood seasoning
4590,claw crabmeat
4591,milder
4592,knorr-swiss vegetable soup mix
4593,muskrat
4594,box raisin bran
4595,combination cheese
4596,chocolate flavored chips
4597,bar bits
4598,packets chicken bouillon
4599,chile beans
4600,beef broth bouillon soup
4601,yellow eye beans
4602,before cooking
4603,orange flower water
4604,sauteing
4605,masa
4606,orange supreme cake mix
4607,oelo
4608,jumbo vidalia onions
4609,chunk white tuna
4610,chicken noodle soup
4611,italian pear tomatoes
4612,stove top
4613,trim brisket
4614,chachere's creole
4615,lots of black pepper
4616,orange jello powder
4617,saltines
4618,dark chocolate chips
4619,white chunk tuna
4620,pineapple juice concentrate
4621,stove top seasoning
4622,graham crust
4623,lean beef cubes
4624,minute tapioca
4625,o'brien potatoes
4626,green asparagus
4627,romano
4628,cream puffs
4629,cyapepper
4630,red cake coloring
4631,semi-sweet real chocolate morsels
4632,light karo
4633,tomato pasta sauce
4634,pan
4635,jalapeno cheez whiz
4636,chicken meat
4637,drops of worcestershire sauce
4638,drops of tabasco sauce
4639,coffee ice cream
4640,almond toffee
4641,bacardi rum
4642,no-sugar
4643,frozen sweet corn
4644,instant butterscotch pudding
4645,pepepr
4646,perrins sauce
4647,fine crumbs of vanilla wafers
4648,strawberry-banana jello
4649,puree
4650,shrimp meat
4651,meat stock
4652,other red wine
4653,red cherry
4654,thank you cherry
4655,seedless raspberry preserves
4656,loin chops
4657,brown bread crumbs
4658,frozen snow peas
4659,stir-fry sauce
4660,tartaric acid
4661,sparkling wine
4662,green candied pineapple
4663,red candied pineapple
4664,herb flavored bread stuffing mix
4665,caramel pieces
4666,nut pieces
4667,frozen vegetable mix
4668,beef top round steak
4669,frozen cheese tortellini
4670,pesto sauce
4671,low-fat buttermilk
4672,wilderness cherry pie filling
4673,fresh coriander
4674,red karo syrup
4675,beaten egg
4676,pineapple syrup
4677,cajun seasoning salt
4678,cajun salt
4679,jars cherries
4680,jumbo lump crabmeat
4681,shellfish stock
4682,livers
4683,fully cooked ham slice
4684,angel food
4685,cherry pr
4686,golden onion
4687,kielbasa sausage
4688,yellow corn
4689,gallon cukes
4690,frozen orange
4691,coconut cream pie filling
4692,coconut cookies
4693,all-purpose plain flour
4694,red dry wine
4695,vegetable base
4696,vinegar plus sweet milk
4697,broil
4698,evaporated cream
4699,boneless beef round tip roast
4700,festive whipped cream
4701,pistachio pudding mix
4702,graham cracker squares
4703,red tomatoes
4704,ground mace
4705,beaten faults
4706,drops oil
4707,sweet rice syrup
4708,unflavored bread crumbs
4709,potato chunks
4710,light broth
4711,log cabin syrup
4712,frozen cooked tiny shrimp
4713,walnut oil
4714,philadlephia cream cheese
4715,frozen flaked coconut
4716,chocolate sprinkles
4717,solid mozzarella
4718,rectangular club rolls
4719,chocolate chip
4720,frozen berries
4721,sugar cookie dough
4722,fresh spinach leaves
4723,mackerel
4724,vanilla instant pie filling
4725,rice-a-roni beef flavor
4726,hearty sauce
4727,spoonful crisco
4728,handful steak seasoning
4729,white crackers
4730,ham drippings
4731,unflavored gelatin powder
4732,hormel chili with
4733,flavor pie filling
4734,dandelion
4735,powdered sweetener
4736,pepperoni peppers
4737,dream whip or whipping cream
4738,reserved cake
4739,nonfat dry milk powder
4740,deer roast
4741,natural frozen apple juice
4742,bunches romaine lettuce
4743,box jello
4744,bran cereal shreds
4745,fresh ripe peaches
4746,dried fruit
4747,canned biscuits
4748,candi
4749,torn romaine lettuce
4750,cane juice
4751,rice wine
4752,realime juice from concentrate
4753,yellow food color
4754,beef chili without beans
4755,tangerine
4756,red sweet wine
4757,drops anise oil
4758,loin pork chops
4759,fresh grated ginger
4760,angel flake coconut
4761,brook trout
4762,collins
4763,soy supreme
4764,fresh strawberry halves
4765,hens
4766,your favorite italian bread
4767,fruits
4768,shredded cracker barrel
4769,brown sugar replacement
4770,pimento pepper
4771,italian plum tomatoes
4772,white cannellini
4773,processed cheese spread
4774,pigeon peas
4775,light fruit cocktail
4776,pumpkin filling
4777,old-fashioned oats
4778,chocolate ready
4779,milk chocolate kisses
4780,string kraut
4781,acini de pepe
4782,coconut pudding
4783,soybean oil
4784,plum jam
4785,powdered alum
4786,shortening/oil
4787,count
4788,pumpkin pie seasoning
4789,____
4790,jar applesauce
4791,neufchatel cheese
4792,chicken fat
4793,container plain low-fat yogurt
4794,lean ground turkey
4795,grated ginger root
4796,seafood seasoning
4797,prego sauce
4798,fresh beef
4799,rice-a-
4800,frozen brussels sprouts
4801,salad crunches
4802,pineapple ring
4803,knife
4804,measuring
4805,instant banana pudding
4806,chocolate-covered caramel peanut nougat bars
4807,round pumpernickel bread
4808,knorr dry vegetable soup mix
4809,favorite taco
4810,yellow creamed corn
4811,red bell peper
4812,ranch dressing
4813,ground hot pepper
4814,apricot jam
4815,cake mix yellow
4816,white seedless raisins
4817,russet potatoes
4818,green bean
4819,recipe secrets italian
4820,jiggers kahlua
4821,jiggers brandy
4822,'s chili
4823,salad supreme seasoning mix
4824,baby clams
4825,mushroom caps
4826,golden dipt extra hot cocktail sauce
4827,clear jell
4828,lime zest
4829,lean salt pork
4830,whiz
4831,black tea
4832,stove top long grain
4833,cornish game hens
4834,lettuce
4835,white corn tortilla chips
4836,italian sliced bread
4837,catfish fillet
4838,herb stuffing crumbs
4839,lasagne
4840,baking potato
4841,chicken broth soup
4842,extra fiber
4843,grated sweet pickles
4844,pheasant
4845,apricot juice
4846,dark chocolate confectioners coating
4847,green sugar
4848,pats margarine
4849,rice flour
4850,crumbs
4851,each cherry
4852,slightly dry
4853,fresh peppermint
4854,cranberry-raspberry juice
4855,pheasant breasts
4856,powdered sugar-
4857,powdered detergent
4858,pear wedges
4859,frozen squash
4860,white soda
4861,cherry yogurt
4862,leftovers
4863,boned salmon
4864,cream of celery soup or cream of mushroom
4865,herb seasoning
4866,whites
4867,liquid from carrots
4868,lump alum
4869,black walnut
4870,corn bread stuffing mix
4871,chocolate coated raisins
4872,chocolate covered peanuts
4873,plumped raisins
4874,deli roast beef
4875,recipe basic
4876,light caramels
4877,low-fat plain yogurt
4878,buttermilk biscuit
4879,golden cream
4880,boneless beef round steak
4881,frozen posole
4882,wax
4883,country style
4884,pet-ritz deep dish pie crust
4885,pastry crust
4886,tart wine
4887,enough shortening
4888,strawberry jel
4889,kahlua liqueur
4890,pineapples
4891,creme sherry
4892,nonfat
4893,broken nut meats
4894,arc great northern beans
4895,hot red pepper sauce
4896,white candy coating
4897,white table wine
4898,nut topping
4899,truffle oil
4900,unshelled walnuts
4901,unshelled pecans
4902,blonde raisins
4903,oyster stew
4904,pimento strips
4905,'s
4906,hut
4907,wendy's
4908,bell
4909,vegetable bouillon cubes
4910,bouquet garni
4911,glaze
4912,vanilla instant puddings
4913,cocktail smokies
4914,premade milk
4915,pacantia sauce
4916,brand gelatine
4917,frozen grapefruit juice concentrate
4918,cheese chunks
4919,sweet vermouth
4920,canes
4921,elbow spaghetti
4922,roll peanut butter
4923,herb dressing mix
4924,kellogg's
4925,lemon flavor cake mix
4926,concentrate limeade
4927,graham cracker ready crust
4928,eggs yolks
4929,chicken broth made
4930,recipe secrets onion
4931,wish-bone chunky blue cheese dressing
4932,cheese curls
4933,red cider vinegar
4934,handful stuffing
4935,handful mozzarella cheese
4936,asparagus soup
4937,liquid from
4938,toppings of your choice
4939,frozen kernel corn
4940,thin slices lemon
4941,shelled shrimp
4942,c.wtaer
4943,whole olives
4944,chunky style peanut butter
4945,yellow meal
4946,lemon slice
4947,green chili enchilada sauce
4948,wild blueberries
4949,spearmint plant
4950,lopez
4951,sweet bell pepper
4952,regular lemon
4953,elbow noodles
4954,pickling cukes
4955,'s beefy onion soup
4956,skillet
4957,rich broth
4958,mixed corn
4959,very hot tap
4960,liquid brown sugar
4961,blue cake coloring
4962,pastry flour
4963,beer pretzels
4964,polska kielbasa sausage
4965,cracker
4966,loyalty
4967,tenderness
4968,hope
4969,faith
4970,barrels of laughter
4971,fresh yellow
4972,mixed chinese vegetables
4973,lemon tea
4974,lemon/lime pop
4975,regular size fritos
4976,container oysters
4977,veal scallops
4978,commerical filling
4979,thin sliced mozzarella
4980,white kidney
4981,whipped margarine
4982,san
4983,packets baking chocolate
4984,pan-fry sausage
4985,corn flakes cereal
4986,soft wheat flour
4987,herb seasoned bread crumbs
4988,chocolate glaze
4989,coconut shavings
4990,peck beets
4991,banana peppers
4992,packets
4993,american
4994,vanilla nonfat yogurt
4995,spaghetti hot
4996,mashed cooked sweet potatoes
4997,unsweetened pineapple
4998,mixed salad bar vegetables
4999,lite mayonnaise
5000,drink mix
5001,hash brown potato
5002,corn-
5003,kinds cheese
5004,lemonade flavored drink
5005,orange flavored drink
5006,pork ribs
5007,anise hyssop flowers
5008,wish-bone salad dressing
5009,directions
5010,crookneck squash
5011,pattypan squash
5012,broiler-fryers
5013,enriched rice
5014,head leaf lettuce
5015,somen
5016,andes mints
5017,allegro meat marinade
5018,lots of lemon pepper
5019,catsup jars water
5020,mushroom slices
5021,herb blend
5022,pork sausage meat
5023,pippin apples
5024,semi-sweet baker's chocolate
5025,rolled
5026,chicken fryers
5027,crisp greens
5028,domino confectioners sugar
5029,sour
5030,garlic croutons
5031,various vegetables
5032,brown mix
5033,chocolate ice cream topping
5034,bob evans sausage
5035,big
5036,mixed vegies
5037,julienne slices ham
5038,baking molasses
5039,cubed ham
5040,butterscotch mix
5041,color
5042,season salt
5043,bonnet spread
5044,granulated fructose
5045,cold liquid
5046,extra sharp
5047,strawberry syrup
5048,condensed beef bouillon
5049,extra wide egg noodles
5050,brown bean sauce
5051,giblet stock
5052,chicken with
5053,shredded white cheddar cheese
5054,brown onions
5055,bottles sprite
5056,ground beans
5057,bar wax
5058,candy bar
5059,beef slices
5060,tabasco pepper sauce
5061,boneless chicken breast strips
5062,sweet pickle salad
5063,quarters
5064,sack kluski
5065,frozen cauliflower cuts
5066,freshly squeezed orange juice
5067,freshly squeezed lime juice
5068,boneless pork tenderloin
5069,chinese chili paste
5070,jars kraut
5071,lemon marmalade
5072,fresh jalapenos
5073,jigger whiskey
5074,spam
5075,tomato sauce with
5076,green hot peppers
5077,regular cans
5078,torn spinach leaves
5079,fresh chopped parsley
5080,cinnamon crisp graham crackers
5081,chicken breasts halves
5082,hoisin sauce
5083,bavarian style beans
5084,pressed ham
5085,english cheese slices
5086,brown vinegar
5087,cracked wheat
5088,type cheese
5089,freshly chopped parsley
5090,___
5091,vermicelli pasta
5092,calvados
5093,fresh backfin crab
5094,cheese crackers
5095,boil
5096,beverage
5097,plenty of garlic powder
5098,packets instant grits
5099,dry ice
5100,nut
5101,apple sauce
5102,cumino
5103,provolone
5104,ditalini-tubettini macaroni
5105,ripe strawberries
5106,drops red
5107,cream of chicken and rice
5108,semi-hard rolls
5109,frozen string beans
5110,boiling salt water
5111,chocolate pieces
5112,grown gravy mix
5113,dead
5114,fresh peas
5115,buttered crisco
5116,mixed pickling
5117,mini-marshmallows
5118,backfin crab meat
5119,vegetable sauce
5120,cream of cheddar soup
5121,italian with aged
5122,chicken beef
5123,beef chuck steak
5124,endive lettuce
5125,cannellini
5126,cream corn
5127,caesar dressing
5128,caesar croutons
5129,croissants
5130,frozen miniature shrimp
5131,italian poultry sausage
5132,sweet white onion
5133,leaf spinach
5134,river rice
5135,turkey cutlets
5136,ground paprika
5137,raspberry spread
5138,ground basil
5139,ground savory
5140,scrubbed red potatoes
5141,lite karo syrup
5142,choc chips
5143,healthy choice mesquite
5144,escort
5145,regular sugar
5146,coconut-almond frosting
5147,pie mix
5148,frozen meatballs
5149,berry works
5150,lots
5151,sunflower seed
5152,biscuit crumbs
5153,very lean ground beef
5154,concord grape pulp
5155,shot tequila
5156,shot gin
5157,shot vodka
5158,shot rum
5159,sec
5160,shots sour mix
5161,shots
5162,coconut pecan frosting
5163,little wieners
5164,succotash
5165,brown soup mix
5166,shallow pie crusts
5167,mild sauce
5168,cinnamon chips
5169,torn iceberg lettuce
5170,gumbo file powder
5171,ground hamburg
5172,sweet gherkins
5173,tri-color rotini
5174,broccoli flowers
5175,amount herb seasoning mix
5176,bread chunks
5177,herb season stuffing mix
5178,clam broth
5179,refrigerator sugar cookie
5180,jalapeno monterey
5181,maids
5182,cream celery soup
5183,light beer
5184,additional oregano
5185,tahini sesame paste
5186,drizzle of olive oil
5187,diabetic sweetener
5188,spanish onions
5189,white bark
5190,granola
5191,ground cashews
5192,raw wheat germ
5193,spanish peanuts
5194,boxes wheat
5195,regular bottle ketchup
5196,nacho cheese doritos
5197,vin
5198,pineapple cubes
5199,frozen southern-style hash brown potatoes
5200,wafered ham
5201,stripe cookies
5202,fryer chicken
5203,bowl of self-rising
5204,pomegranate
5205,vinegar dressing
5206,white corn
5207,chicken-flavor
5208,boneless stew beef
5209,mixed poultry seasoning
5210,candied red
5211,apple chunks
5212,cold tea
5213,non fat
5214,campbell's italian
5215,shredded monterey jack cheese with peppers
5216,cream cheese filling
5217,containers sour cream
5218,ham steaks
5219,white elmer
5220,original recipe
5221,dried soup mix
5222,miscellaneous condiments
5223,young pheasants
5224,pickled jalapenos
5225,chili powder per
5226,cheer
5227,thanks
5228,white curacao
5229,bottles brandy
5230,bottles champagne
5231,phyllo
5232,durkee sauce
5233,curly lettuce
5234,spinach liquid
5235,roll hot pepper cheese
5236,brown powdered sugar
5237,boned chuck
5238,crushed gingersnaps
5239,vermont white
5240,lean sausage
5241,bleu cheese
5242,fries
5243,turkey stock
5244,full recipe cornbread
5245,hotdogs
5246,frozen apple
5247,dark chocolate fudge cake mix
5248,neapolitan ice cream
5249,fluffy white frosting mix
5250,violets
5251,doritos tortilla chips
5252,italian parsley
5253,thin linguini
5254,yellow wax beans
5255,baking bits
5256,garlic bread
5257,square wheat
5258,fish shaped crackers
5259,lemon-herb dressing
5260,orange/pineapple jello
5261,quail
5262,bottoms
5263,frozen stouffer
5264,curls
5265,chicken flavored stuffing mix
5266,grated rind from
5267,fresh scallions
5268,thank you brand cherries
5269,bread used
5270,sweet chocolate bits
5271,mint chocolate
5272,tart crust
5273,fresh basil leaf
5274,jiggers
5275,individual reese's
5276,lemon aid
5277,swordfish steaks
5278,yellow saffron rice
5279,of ice
5280,chilled ginger ale
5281,fresh spinach trenette pasta
5282,flavoring of your choice
5283,broken soda crackers
5284,powdery
5285,orange sauce
5286,hamburger patties
5287,butterscotch flavored morsels
5288,patty pan
5289,milk chunky salsa
5290,comino spice
5291,orange flavored relish
5292,frozen cranberry orange relish
5293,chocolate fudge frosting
5294,boneless skinned chicken breast
5295,long grain rice-brown rice
5296,still
5297,ghirardelli
5298,olive oil cooking spray
5299,chinese chestnuts
5300,frozen brussels
5301,boneless chuck steak
5302,unseasoned meat tenderizer
5303,thawed strawberries
5304,stalks rhubarb
5305,powdered ranch-style salad dressing
5306,sourdough
5307,flower seeds
5308,all-fruit apricot jam
5309,broccoli pieces
5310,mangos
5311,syrup from
5312,brown and serve sausages
5313,myers
5314,creamette egg noodles
5315,orange peel curls
5316,vegetable alphabet
5317,light miracle
5318,burger
5319,veal for stew
5320,pork for stew
5321,lamb for stew
5322,riches
5323,creamette lasagna noodles
5324,hormel real bacon
5325,shredded apples
5326,campbell's consomme
5327,golden vanilla cake
5328,chili mac
5329,heart ranch honey
5330,your favorite italian dressing
5331,brown gravy mixes
5332,vegies
5333,roquefort cheese
5334,hominy grits
5335,apple-grape jelly
5336,flour +
5337,fresh angel hair pasta
5338,frozen strawberries with syrup
5339,cream cheese bricks
5340,tempra
5341,shredded newspaper
5342,fine coconut
5343,wax paraffin
5344,hines white
5345,mixed beef
5346,amount bourbon
5347,salad dressing mix
5348,young rabbits
5349,chestnuts
5350,wishbone rubusto
5351,cauliflower flowerets
5352,crisco shortening
5353,marshmallow whip
5354,dark red beans
5355,cream instant pudding
5356,container whip cream
5357,almond flavor
5358,ripe apples
5359,campbell's chicken
5360,extra-coarse salt
5361,beef steaks
5362,rat cheese
5363,beef broth bouillon
5364,mini-pearl tapioca
5365,slices cheese
5366,frozen baby limas
5367,gebhardt chili
5368,strawberry cake mix
5369,reeses miniatures peanut butter
5370,frozen non-dairy
5371,fluffy vanilla frosting
5372,soya sauce
5373,block cheese
5374,raspberry ginger
5375,several broccoli flowerets
5376,frozen southern-style hash
5377,cream sauce
5378,italian sauce
5379,cherry-nut
5380,chocolate sauce
5381,dishwashing liquid
5382,boyardee crust
5383,gelation
5384,carton lite
5385,bowl lite
5386,buds garlic
5387,fruit of choice
5388,rotini macaroni
5389,turkey breasts
5390,light mayo
5391,kielbasa polish sausage
5392,tomato dressing
5393,legs
5394,buttery cracker crumbs
5395,candy canes
5396,red hot candies
5397,cracked wheat cereal
5398,light tsp.
5399,broccoli thawed
5400,ground light sausage
5401,broken nutmeats
5402,toffee
5403,bag walnut halves
5404,chinese peas
5405,camembert cheese
5406,frozen phyllo
5407,ham cubes
5408,cake coloring
5409,oodles
5410,pineapple cream
5411,armour chili
5412,wright's liquid smoke
5413,bowl whipped topping
5414,anisette cookies
5415,smooth
5416,boneless pork
5417,teriyaki
5418,head green cabbage
5419,boneless ribs
5420,beet roots
5421,carob powder
5422,snyders sourdough pretzels
5423,bread filling
5424,semi-sweet chocolate morsels/chips
5425,dried leaf tarragon
5426,dijonnaise
5427,boiling potatoes
5428,white dinner wine
5429,ground beef chuck
5430,garden onions
5431,christian brothers
5432,each pie filling
5433,cold oleo
5434,fresh fettuccine
5435,red chile peppers
5436,chicory
5437,tidbits pineapple
5438,bacon crumbs
5439,grand biscuits
5440,isaiah
5441,rose petals
5442,liquid pectin
5443,shredded wheat biscuits
5444,fish crackers
5445,cheddar-flavor cheese
5446,plain wheat germ
5447,lean ham
5448,chocolate fudge frosting mix
5449,lots of butter
5450,chorizos de bilbao
5451,sweet sour
5452,regular onion
5453,white self-rising
5454,liverwurst
5455,cinnamon bark
5456,vegetable liquid
5457,jalapeno cheese
5458,unwashed rice
5459,bottle smoky barbecue sauce
5460,broken gingersnaps
5461,light vegetable oil
5462,regular coke
5463,sour cooking apples
5464,fresh grated parmesan cheese
5465,sandwich cookies
5466,pack pumpkin
5467,acrylic
5468,glitter
5469,ring portuguese sausage
5470,deer steak
5471,chocolate shoppe
5472,orange honey
5473,beef flank steak
5474,olive spice
5475,rice-a-roni chicken flavor
5476,frozen petite peas
5477,mixed fruit cocktail
5478,nonfat dry milk solids
5479,goat cheese
5480,dry white bordeaux wine
5481,tequila
5482,beef pot roast
5483,lemon pepper marinade
5484,littleneck clams
5485,zwieback crumbs
5486,cooks
5487,rosemary leaves
5488,dark cocoa
5489,dishwashing detergent
5490,pork loin center chops
5491,red mangoes
5492,orange breakfast drink
5493,turkey bacon
5494,crust rolls
5495,swiss cheese singles
5496,black walnut extract
5497,burnt sugar
5498,bunches of broccoli
5499,laughter
5500,strawberry jello mix
5501,frozen topping
5502,cooled pie shell
5503,onion mushroom
5504,chicken necks
5505,hot pork sausage
5506,sausage fat - oil
5507,morsel chocolate chips
5508,caines mayonnaise
5509,catfish
5510,lemon flavored iced
5511,unsweetened coconut milk
5512,warm
5513,additional buttered bread crumbs
5514,trust
5515,thrust
5516,milk chocolate cake
5517,zwieback
5518,frozen peas with pearl onions
5519,popping corn
5520,dark sweet cherries
5521,puffed rice cereal
5522,fresh cauliflower
5523,chilled butter
5524,semi-sweet chocolate drops
5525,cornmeal muffin
5526,field
5527,jell-o brand vanilla instant pudding
5528,french rolls
5529,rounds
5530,thin slices pepperoni
5531,clean grease
5532,kerosene
5533,amonnia
5534,powdered borax
5535,cents
5536,sugar-free
5537,ground fresh cranberries
5538,cinnamon applesauce
5539,mayonnaise salad dressing
5540,red cake
5541,black molasses
5542,fresh ground cranberries
5543,lemon and orange
5544,brussel sprouts
5545,peach ice cream
5546,powdered nutmeg
5547,basket strawberries
5548,basket blueberries
5549,basket raspberries
5550,condensed mushroom soup
5551,shortening bacon
5552,rice noodles
5553,flour mixed
5554,apricot-pineapple
5555,golden syrup
5556,lemon pudding/pie filling
5557,graham cracker pie
5558,jalapeno relish
5559,nonfat cooking vegetable spray
5560,drink
5561,roll mix
5562,dry navy beans
5563,syrup from pineapple
5564,lime-flavor gelatin
5565,lemon-lime beverage
5566,additional gummy worms
5567,chicken bouillon cubs
5568,vanilla puddings
5569,chocolate jimmies
5570,salad shrimp
5571,mashed cooked pumpkin
5572,bakers angel
5573,cola soft drink
5574,gator meat
5575,french vanilla pudding mix
5576,chunky pineapple
5577,medium scallops
5578,spanish onion
5579,squash seeds
5580,hot green chiles
5581,bottom round steak
5582,bean juice
5583,veal kidneys
5584,vegetable frying oil
5585,yellow pudding cake mix
5586,cooking fat
5587,early peas
5588,cooked spiral macaroni
5589,custard frosting
5590,tender
5591,chocolate-flavored candy coating
5592,level tsp
5593,cream of cheddar cheese soup
5594,celery stocks
5595,dry cheese tortellini
5596,ground cardamon
5597,soft
5598,quick-cooking tapioca
5599,white milk
5600,haagen
5601,sazon
5602,leek soup mix
5603,candied ginger
5604,pie
5605,red string licorice
5606,red raspberries
5607,bac*os bits
5608,borden buttermilk
5609,frozen creamed spinach
5610,liquid artificial sweetener
5611,red delicious
5612,flattery
5613,praise
5614,contentment
5615,blindness to faults of others
5616,reasonable budget
5617,sorry
5618,confidence
5619,encouragement
5620,several hobbies
5621,fresh dandelion
5622,dried peas
5623,golden sugar
5624,ground garlic
5625,cumin seeds
5626,red chili powder
5627,mapeline
5628,bluefish fillets
5629,bowls whipped topping
5630,jello mixed fruit gelatin
5631,julienne ham
5632,deer stew meat
5633,chablis wine
5634,cheese salad dressing
5635,container borden sour cream
5636,victoria chili dip
5637,prarie farms fruit punch
5638,rice paper
5639,thin rice noodles
5640,boston leaf/green leaf lettuce
5641,lean roasted pork
5642,green scallions
5643,white tostados
5644,vegetable oil spray
5645,chocolate pudding mix
5646,frozen ice cream shells
5647,lemon flavor jello
5648,spaghetti mix
5649,julienne
5650,fresh whitefish
5651,serrano chili peppers
5652,confectioners powdered sugar
5653,unbleached flour
5654,yellow summer
5655,wedges
5656,kernel white corn
5657,jumbo shrimp
5658,peeled ripe tomatoes
5659,button garlic
5660,strong tea
5661,sandwiches
5662,frozen broccoli/cauliflower
5663,squeeze cheese
5664,box velveeta
5665,taco shells
5666,kalongee
5667,scoop ice cream
5668,cream cone
5669,bottles sparkling catawba
5670,wax paper
5671,favorite cool
5672,cream of mushroom soup or chicken soup
5673,cinnamon mixed
5674,chillies
5675,cream of chicken soup or cream of celery soup
5676,turnip salad
5677,cherry topping/filling
5678,arrowroot
5679,frozen orange concentrate
5680,wondra flour
5681,yellow chiles
5682,killed possum
5683,barrel
5684,chili with
5685,thin sliced ham
5686,wild turkey
5687,newman dressing
5688,spray
5689,frozen skyline chili
5690,taco doritos
5691,homemade pasta
5692,of lettuce
5693,fine cracker meal
5694,anisette sponges
5695,cooking bag
5696,your favorite pasta
5697,brick sharp
5698,hamburg rolls
5699,hidden valley buttermilk dressing
5700,bake per
5701,lemon flavored
5702,cajun
5703,peppermint tea
5704,bahamian
5705,serrano peppers
5706,mash
5707,cherry soda
5708,long grain raw
5709,campbell's beef bouillon
5710,nutrasweet jello
5711,jersey sweet potato biscuits
5712,red-skinned
5713,seasoning broth
5714,hour
5715,ground cabbage
5716,container coconut pecan frosting
5717,sweet italian turkey sausage
5718,veal stock
5719,fresh grated lemon peel
5720,fresh squeezed orange juice
5721,pimiento pepper
5722,fines herbes
5723,barley nugget cereal
5724,pork steak
5725,handful black olive slices
5726,'s italian
5727,milk chocolate creme frosting
5728,crispix
5729,chocolate shavings
5730,butternut
5731,fajita marinade
5732,cream soup base
5733,mustard-pickle relish
5734,thank you peach
5735,bean chili
5736,beet greens
5737,refrigerated rolls
5738,instant oats
5739,sliced monterey jack cheese
5740,ramen soup
5741,jif creamy
5742,cold broth
5743,italian grated cheese
5744,white loaf bread slices
5745,drops of coconut flavoring
5746,rows of oreo cookies
5747,very warm tap water
5748,fresh broccoli florets
5749,boneless pork loin
5750,candied green cherries
5751,candied red cherries
5752,country spareribs
5753,shredded wheat squares
5754,rice squares
5755,chowder clams
5756,clam juice from clams
5757,cold milnot milk
5758,herb seasoned dressing
5759,great northern white beans
5760,frozen egg noodles
5761,raisins -nuts
5762,flour tortilla shells
5763,pumpkin pie mix
5764,citron peel
5765,beef round tip steak
5766,liquid gravy flavoring
5767,diced cheese
5768,coconut flavor
5769,sweet link sausage
5770,dried leaf thyme
5771,white chips
5772,fresh peach
5773,chicken/turkey
5774,flower
5775,nife of butter
5776,scoops ice cream
5777,sour cream sauce mix
5778,cane sugar
5779,vanilla wafer crust
5780,stir-fry seasoning
5781,chocolate-covered nougat
5782,lean veal
5783,extra water
5784,rye cocktail bread
5785,waverly wafers
5786,cocktail shrimp
5787,candied dates
5788,other nuts
5789,baguettes
5790,carton yogurt
5791,unsweetened fruit
5792,green garden leaves
5793,red-wine vinegar
5794,rice pilaf mix
5795,colored gumdrops
5796,salad mix
5797,other fruits
5798,whole fryers
5799,white chocolate pudding
5800,banana cream pudding
5801,baking irish potatoes
5802,frozen tortellini
5803,herb-flavored stuffing mix
5804,hot cooked gravy
5805,fruit pectin
5806,my-t
5807,lean flank
5808,cranberry-raspberry jello
5809,toasted walnut pieces
5810,kiwi fruits
5811,hot fudge
5812,powdered dry mustard
5813,hidden valley salad dressing mix
5814,fresh sausage
5815,almond nut meats
5816,ground cured ham
5817,ground fresh pork
5818,string
5819,white candy wafers
5820,tsp.soda
5821,morton tender quick meat cure
5822,flat noodles
5823,begin
5824,obedience
5825,attention
5826,neatness
5827,holiday
5828,running errands
5829,powdered get
5830,mint ice cream
5831,pet light
5832,bottled chili sauce
5833,pork butt roast
5834,sultanas
5835,monkfish
5836,pernod
5837,pureed fruit
5838,whole kern corn
5839,yellow bell pepper
5840,planters peanuts
5841,red food
5842,sweet midget pickles
5843,andes mint wafers
5844,fifth alcohol
5845,flank steaks
5846,flaked style cereal
5847,puffed cereal
5848,chocolate puff cereal
5849,jalapeno corn bread mix
5850,sour pitted cherries
5851,shredded cheese substitute
5852,shredded red
5853,beef lite gravy
5854,fresh red gizzards
5855,good oil
5856,mocha filling
5857,velveeta cheese spread
5858,powdered sage
5859,thick meat sauce
5860,frozen red fruit juicy punch
5861,firm strawberries
5862,winesap apples
5863,red licorice
5864,white meat chicken
5865,pineapple rings
5866,armour lower salt bacon
5867,bisquick original
5868,heavy xxx cream
5869,country style ribs
5870,fresh chopped dill
5871,flake of leg style imitation crab meat
5872,#NAME?
5873,mexicorn with red
5874,regular strength chicken broth
5875,unblanched slivered almonds
5876,golden cake
5877,nectar juice
5878,vanilla cookie crumbs
5879,boneless pork ribs
5880,chunk alum
5881,crumb crust
5882,chilled cherry comstock
5883,lean white fish
5884,recipe dough
5885,basket ripe tomatoes
5886,creamed sweet potato
5887,condensed campbell
5888,hair pasta
5889,bottoms of
5890,green plantains
5891,enough oil
5892,american mixtures
5893,crab boil packet
5894,ears of corn
5895,cook-type vanilla pudding
5896,fruit juices
5897,fresh clams
5898,fillet of salmon
5899,cajun style stewed
5900,container
5901,wooden spoon
5902,measuring cup
5903,lump butter
5904,bisquick buttermilk
5905,grape tomatoes
5906,beef drippings
5907,baby prunes
5908,cones
5909,condensed golden corn soup
5910,fresh mixtures
5911,grated nonfat
5912,candy flowers
5913,canning kettle full
5914,beef marinade
5915,cheesy italian
5916,vegetable toppings
5917,turkey gravy
5918,leftover mashed potatoes
5919,white buttermilk
5920,jalapeno chiles
5921,powdered lemon peel
5922,valencia rice
5923,chorizos
5924,bijol
5925,family sized tea bags
5926,graham cracker square
5927,semi-sweet morsels
5928,'s margarine
5929,florida blue crab meat
5930,refrigerated pie crust
5931,extra ripe large bananas
5932,freshly grated lemon peel
5933,tender strip steak
5934,young yellow squash
5935,unused flower
5936,circles
5937,clear
5938,almond bar
5939,light vanilla yogurt
5940,fresh fruit chunks
5941,italian loaf
5942,lemon juice and vinegar
5943,dried fruits
5944,seafood sauce
5945,boiling onions
5946,short grain rice
5947,soda water
5948,shredded velveeta
5949,white vine vinegar
5950,gizzards
5951,blackberry gelatin
5952,stalks of celery
5953,salad vinegar
5954,crisp-fried
5955,mascarpone cream
5956,savoiardi biscuits
5957,loaves round unsliced rye bread
5958,fresh grapefruit juice
5959,fettuccini
5960,spoonful creamy
5961,dr. pepper
5962,white sherry
5963,frying chicken
5964,apple cider jelly
5965,frozen fries
5966,new potato
5967,knorr vegetable
5968,bouillon soup
5969,white brandy
5970,pecan meats
5971,white lard
5972,lower
5973,garbanzo
5974,loose pack frozen mixed vegetables
5975,italian-style stewed
5976,beef cubed
5977,domino sugar
5978,whole kernel yellow corn
5979,chili or
5980,beef-mushroom
5981,potato juice
5982,regular size green beans
5983,strawberry flavor
5984,ground coconut
5985,'s whiskey
5986,italian-style dried bread crumbs
5987,martha white chewy fudge brownie mix
5988,white chocolate baking
5989,espresso powder
5990,sangria wine
5991,thank you blueberry pie filling
5992,chilled apricot
5993,leftover roast pork
5994,nabisco chocolate wafers
5995,w. broth
5996,very dry sherry wine
5997,deluxe
5998,consomme beef soup
5999,frozen pearl onions
6000,type apples
6001,crab/shrimp boil
6002,lemon per
6003,fresh/frozen sliced strawberries
6004,loose-pack
6005,frozen succotash
6006,cranapple juice
6007,creole mustard
6008,tubes biscuits
6009,pudding mix
6010,baby shampoo
6011,baby oil
6012,custard mix
6013,green coloring
6014,cress
6015,uncle ben's fiesta rice
6016,wafers
6017,chile salsa
6018,unpeeled potatoes
6019,cheddar spread
6020,boneless ham
6021,cantaloupe/musk
6022,tostitos tortilla chips
6023,fresh baby carrots
6024,skor bits
6025,coarse cooking salt
6026,frozen mushrooms
6027,orange glaze
6028,glass wine
6029,favorite cheese
6030,bulgur wheat
6031,fresh bread crumbs
6032,frozen crabmeat/shrimp
6033,additional powdered sugar
6034,regular croutons
6035,broth of your choice
6036,pinhead oatmeal
6037,uncooked spiral pasta
6038,milk chocolate deluxe
6039,light whipped topping
6040,packets artificial sweetener
6041,yellow cucumbers
6042,california mix
6043,cooked crabmeat
6044,'s chips
6045,sweet margarine
6046,ros wine
6047,old-fashioned cream drop candy
6048,long asparagus
6049,lamb shanks
6050,glass milk
6051,glass ice
6052,head new cabbage
6053,liquid from vegetables
6054,walleye fillets
6055,fish coating
6056,cereals
6057,boneless lamb
6058,pouches liquid fruit pectin
6059,unhomogenized peanut butter
6060,dark sesame oil
6061,candy bars
6062,pear mincemeat
6063,boneless beef chuck pot roast
6064,brandy flavoring
6065,o-shaped
6066,tomato slice
6067,other cheese
6068,clear karo
6069,progresso pepper
6070,sweet german chocolate
6071,frozen flounder
6072,pink beans
6073,jelly rolls
6074,cajun spices
6075,powdered skim milk
6076,fresh brussels sprouts
6077,bean liquid
6078,jalapeno liquid
6079,swiss-style
6080,artichoke bottoms
6081,brown sauce
6082,strawberry schnapps
6083,cool whip lite whipped topping
6084,broilers
6085,strawberry flavored sugar
6086,t.v.
6087,sections from
6088,craft
6089,butter bean limas
6090,anaheim pepper
6091,red sherry wine vinegar
6092,hearts of palm
6093,liquid broth
6094,sweet corn
6095,low-fat butter
6096,cold low-
6097,carrot sticks
6098,low-fat low-sodium chicken broth
6099,oscar mayer
6100,gallen whiskey
6101,jell-o instant lemon
6102,raspberry flavor
6103,fresh unthawed frozen blueberries
6104,papaya chunks
6105,instant beef broth
6106,fresh bread
6107,rasins
6108,whole fennel seed
6109,pancetta
6110,salt-cured
6111,flavor jello
6112,unwaxed cucumbers
6113,young rabbit
6114,white wine worcestershire sauce
6115,rusty
6116,liquid soap
6117,matches
6118,head of broccoli
6119,head of cauliflower
6120,leek
6121,hard peppermint
6122,rapidrise
6123,seashell noodles
6124,green chili pepper
6125,sponges
6126,custard
6127,double cream
6128,ground marjoram
6129,compressed yeast
6130,dill pickle juice
6131,chocolate tidbits
6132,cream of potato
6133,like salt
6134,containers whipped topping
6135,ramen chicken flavor
6136,pita triangles
6137,bread dressing
6138,sweet cream butter
6139,oriental chili sesame oil
6140,recipe sweet dough
6141,bundles scallions
6142,hot sausages
6143,bark
6144,coriander powder
6145,ground red chili pepper
6146,fillet of beef
6147,virginia
6148,please
6149,mixed pastas
6150,c.sugar
6151,chicken style
6152,blackburn's waffle syrup
6153,mixed fruits
6154,linguine noodles
6155,tri-color pasta
6156,california mix frozen veggies
6157,texas pasta
6158,long grain wild rice
6159,chicken filets
6160,cold brie
6161,additional ketchup
6162,flour taco
6163,raisin liquid
6164,thin egg noodles
6165,hickory smoke barbecue sauce
6166,helper
6167,cored apples
6168,multi-colored mini marshmallows
6169,walnut chips
6170,boiling juice and
6171,unpeeled cucumbers
6172,noodle style pasta
6173,bread triangles
6174,tender leaves from the grapevine
6175,cook pie shell
6176,seeded ortega green chillies
6177,kraft cracker barrel sharp cheddar cheese
6178,diced leaf oregano
6179,butt roast
6180,scallions including tops
6181,buttered cracker
6182,tomato cocktail
6183,green peanuts
6184,soup stock
6185,green leaves
6186,eggnog mix
6187,apricot pie filling
6188,warm mashed potatoes
6189,victoria salsa
6190,monterey cheese
6191,soap chips
6192,gerber baby peaches
6193,ranch style salad dressing mix
6194,bread down
6195,cook type
6196,granulated sugar replacement
6197,sesame butter
6198,regular white cake mix
6199,ground pears
6200,white american cheese
6201,frying oil
6202,instant brown rice
6203,dales sauce
6204,spiral vegetable pasta
6205,bite size lettuce
6206,semi-sweet chocolate squares
6207,campfire miniature marshmallows
6208,lean stewing beef
6209,canola shortening
6210,fructose
6211,strawberry pie glaze
6212,bass
6213,fresh chicken livers
6214,vienna
6215,beef consomm soup
6216,fresh onions
6217,frozen fruit
6218,cherry chip cake mix
6219,favorite barbecue sauce
6220,red beets
6221,fine dressing mix
6222,liters cheer
6223,tomatoe
6224,light caesar
6225,campbell's beef broth
6226,pumpkin spice
6227,thin green pepper strips
6228,gooseberries
6229,canned apricots
6230,grillers
6231,creamette macaroni
6232,full of rice
6233,full of water
6234,kindness
6235,spoons hope
6236,prayer
6237,hot catsup
6238,colored mini
6239,red pitted cherries
6240,dish pie shells
6241,cream salt
6242,garlic crumbs
6243,chili salsa
6244,griffin's golden hominy
6245,liquid cheese
6246,block regular margarine
6247,refrigerated cheese tortellini
6248,leftover cooked rice
6249,enough broth
6250,dinner franks
6251,toothpicks
6252,frozen cloverleaf roll dough
6253,jars junior baby
6254,ground lean meat
6255,veined cheese
6256,regular italian sausage
6257,lean beef roast
6258,firm fish
6259,stalks chopped
6260,vanilla jell-o pudding
6261,nilla vanilla wafers
6262,loaves italian bread
6263,lemon and pepper
6264,lemon cake mixes
6265,reserving juice
6266,spinach juice
6267,hero rolls
6268,chunk-style peanut butter
6269,fresh prune plums
6270,four-cheese
6271,popcorn salt
6272,cuber
6273,frozen black-eyed
6274,brisket of beef
6275,pepper lettuce
6276,fresh ground meat
6277,instant beef
6278,beef mix
6279,catfish nuggets
6280,head chinese
6281,straw mushrooms
6282,w salsa
6283,pork tenderloins
6284,other fruit
6285,bell pepper slivers
6286,salad supreme seasonings
6287,spry
6288,slaw
6289,vanilla wafer cookies
6290,favorite pie filling
6291,alphabet macaroni
6292,rolled soda crackers
6293,crushed ripe bananas
6294,chocolate fudge cake mix
6295,family size vanilla pudding mix
6296,fresh pea pods
6297,pizza crusts
6298,lean venison
6299,camps coffee
6300,crushed chips
6301,cream of chicken soup or mushroom
6302,squirt worcestershire sauce
6303,cheddar cheeses
6304,redenbacher's popping oil
6305,condensed onion soup
6306,lamb stew meat
6307,maccaroni
6308,butter crusts
6309,fresh beets
6310,containers alfredo sauce
6311,pesto mix
6312,pineapple juice from pineapple
6313,fifth sauterne
6314,patty shells
6315,corned beef brisket
6316,can applesauce
6317,metworst
6318,basil wine vinegar
6319,pesto dressing
6320,orange flavored jello
6321,drops of hot sauce
6322,cake philadelphia cream cheese
6323,cranberry-apple juice concentrate
6324,candied mixed fruit
6325,chicken breast quarters
6326,bar sweet cooking chocolate
6327,cooked beef
6328,spaghetti sauce from
6329,ricotti noodles
6330,ground chuck hamburger
6331,lotus seeds
6332,red bean paste
6333,soup beans
6334,bean broth
6335,stack pack saltine crackers
6336,hot yellow peppers
6337,italian hot sausage
6338,bowl red sour cherries
6339,jello orange flavor
6340,loaves raisin bread
6341,made
6342,big rabbits
6343,'s meat
6344,fresh chopped peaches
6345,water pack tuna
6346,egg rolls
6347,chicken bouillon broth
6348,saucers chili-o
6349,crescent dough
6350,cauliflower cuts
6351,white/purple onion
6352,nonalcoholic
6353,cooking apple
6354,uncooked fettuccine
6355,heavy
6356,emge smoked ham
6357,natural brown rice
6358,food tint
6359,bulk pork sausage
6360,recipe secrets vegetable
6361,thin white bread
6362,hot salsa
6363,white light bread
6364,wheat
6365,sweet bermuda onion
6366,borden half and half
6367,frozen small whole onions
6368,orange-pineapple gelatin
6369,broken spaghetti
6370,chuck steak
6371,thin cooked spaghetti
6372,broth from turkey
6373,chili con carne
6374,green taco
6375,soup greens
6376,thin spaghetti noodles
6377,peace
6378,goodness
6379,faithfulness
6380,gentleness
6381,unmeasured outpouring
6382,pet-ritz deep dish pie crust shell
6383,cooked meat
6384,breast fillets
6385,gallon chocolate milk
6386,limequat juice
6387,equal sugar substitute
6388,unsifted unbleached white flour
6389,warm plain mashed potatoes
6390,raisin bread
6391,knorr swiss vegetable soup mix
6392,red italian pepper
6393,italian salami
6394,anything else you
6395,dishpan full
6396,white shortening
6397,floured tortillas
6398,warm tortillas
6399,green chili sauce
6400,pineapple ice cream sauce
6401,ranch dressing mix
6402,no oil italian salad dressing
6403,packet butter
6404,orange candy slices
6405,green sweet peas
6406,campbell's cheese soup
6407,green cooking apples
6408,prepare horseradish
6409,citric acid
6410,small ripe strawberries
6411,favorite meatball recipe
6412,veggies
6413,duck sauce
6414,thin cream
6415,three
6416,campbell's condensed beef broth
6417,major
6418,lime rind
6419,pistachio nuts
6420,sweet thing
6421,rice-a-roni beef
6422,ground hamburger
6423,perrins
6424,bite size crispy rice squares cereal
6425,fresh buttermilk
6426,frozen pollack fish
6427,recipe secrets golden herb
6428,unflavored yogurt
6429,frozen kale
6430,bottles certo
6431,width noodles
6432,dumpling noodles
6433,cream soda
6434,favorite fruit
6435,cooked shell macaroni
6436,hot owens sausage
6437,gallon plastic
6438,progresso crumbs
6439,honey nut
6440,condensed eagle
6441,nacho cheese flavored doritos
6442,dorothy lynch
6443,kelloggs
6444,hot chili powder
6445,freshly ground white pepper
6446,green giant
6447,frozen fruit juice
6448,mold
6449,frozen ravioli
6450,grated nonfat mozzarella cheese
6451,healthy choice extra lean
6452,hoop cheese
6453,some cracker crumbs
6454,cloud ears
6455,golden needles
6456,sesame seed oil
6457,bean curds
6458,hickory flavored barbecue sauce
6459,shell topping
6460,pineapple juice plus equal
6461,tart red cherries
6462,tyson chicken
6463,powdered onion
6464,light cherry pie filling
6465,stack saltine crackers
6466,powdered non-dairy
6467,peppermint candies
6468,and juice
6469,flounder filets
6470,trio pasta
6471,mixed
6472,pumpkin peered
6473,italian dry seasoning
6474,beef shanks
6475,wagon wheel
6476,italian sausage links
6477,vegetarian meat
6478,brown and white sugar
6479,tidbit pineapple
6480,sandwich ham
6481,salsa flavored tortilla chips
6482,stalk
6483,frozen whipped dessert topping
6484,orange-pineapple
6485,marshmallow paste
6486,mr.
6487,rice water
6488,favorite nuts
6489,thin sliced potatoes
6490,rolled cracker crumbs
6491,chunky italian
6492,tomato/mushroom sauce
6493,saffron rice
6494,rotini tri-color noodles
6495,pheasants
6496,heavy white bread
6497,grape jam
6498,caramel kisses
6499,cream of mushroom soup +
6500,peg
6501,lean ground steak
6502,sugar cookies
6503,chorizo sausage
6504,hot pan sausage
6505,curry paste
6506,baby corn
6507,#NAME?
6508,berry juice
6509,schilling salad supreme seasoning
6510,regular monterey
6511,gallon water
6512,pale dry sherry
6513,ham beens
6514,raisin bran cereal
6515,fancy white crab meat
6516,bottle blackwell cocktail sauce
6517,shredded monterrey jack cheese
6518,bags oroweat corn bread stuffing
6519,cook oats
6520,boiled rice
6521,regular sized jell-o instant pudding
6522,limas
6523,almond paste
6524,washington broth
6525,bourbon whiskey
6526,sliced cheese
6527,white pudding cake
6528,zesty salad mix
6529,ground hot chile
6530,solid light tuna
6531,slivered black olives
6532,lemon liqueur
6533,freshly grated orange zest plus orange slices
6534,fresh salsa
6535,green mango
6536,chocolate cream
6537,chicken mushroom soup
6538,nutmeal
6539,wild brown rice
6540,cranberry cocktail juice
6541,cream-style white corn
6542,claret
6543,wild ducks
6544,sugar water
6545,pyra sauce
6546,turkey slices
6547,chive and
6548,natural apple juice
6549,rotelle pasta
6550,shredded nokkelost
6551,heart
6552,caramel dessert topping
6553,garlic pepper
6554,terry farms fresh mushrooms
6555,white cooking sherry
6556,orange yogurt
6557,fresh yellow corn
6558,loose-leaf black tea
6559,back drippings
6560,tarragon wine vinegar
6561,miniature reese's peanut butter
6562,helpings cooked rice
6563,chinese mustard sauce
6564,manwich sauce
6565,skinless haddock
6566,ranch mix
6567,hillshire sweet italian sausage
6568,anisette liquor
6569,caramel candy
6570,wife
6571,home
6572,work
6573,together
6574,generous portion
6575,plain yogurt/mayonnaise
6576,triscuits
6577,ground fully
6578,vegetable recipe soup mix
6579,ground cracker crumbs
6580,other salad greens
6581,crackers crumbs
6582,shredded sharp american cheese
6583,dill salad pickles
6584,brown bread
6585,garlic juice
6586,crumbled biscuits
6587,crumbled cornbread
6588,low-calorie hidden valley
6589,caps vinegar
6590,neckbones
6591,beanless chili
6592,broccoli/cauliflower
6593,escort crackers
6594,shredded wheat wafers
6595,crab claws
6596,crab claw meat
6597,whitefish fillet
6598,niblets
6599,cooking grits
6600,cubed rind
6601,frozen cooked baby shrimp
6602,fish filets
6603,favorite crackers
6604,made biscuits
6605,macaroni salad
6606,tooth of garlic
6607,johnson's baby oil
6608,pickle cubes
6609,green chilli
6610,italian crumbs
6611,handful parmesan
6612,black sliced olives
6613,good sausage
6614,carton whipping cream
6615,generous grinding of black
6616,grated natural swiss cheese
6617,chocolate chip cookie
6618,gebhardt green
6619,carotes
6620,brokley
6621,collieflower
6622,sawdust
6623,wallpaper
6624,raspberry vinegar
6625,pickling
6626,boston butt pork roast
6627,all-purpose potatoes
6628,frozen hash browns potatoes
6629,frozen chopped onion
6630,sausage of choice
6631,white chocolate bark
6632,'s regular
6633,boiled chickpeas
6634,capful vinegar
6635,handful pickling spice
6636,cold cooked long grain white rice
6637,cola drink
6638,brunswick stew
6639,frozen small green lima beans
6640,snack pkg
6641,jalapeno rings
6642,bob evans
6643,rapidrise active dry yeast
6644,quik
6645,swordfish
6646,condensed split
6647,pantry rye
6648,chocolate semi-sweet
6649,garlic salad dressing
6650,handful salt
6651,roman cheese
6652,salmon classic seasoning
6653,cream of rice
6654,mushroom crowns including broth
6655,kraft cracker barrel sharp cheese
6656,recipe secrets onion soup
6657,can wheat germ
6658,beef onion soup
6659,cocoa mix
6660,sandwich cheese
6661,sweet cooking chocolate
6662,loose black
6663,thank you cherry pie filling
6664,cut kale
6665,frozen pepperidge farm puff pasty sheets
6666,turkey burger
6667,frozen juice
6668,broccoli rabe
6669,frozen cavatelli
6670,backfin crab
6671,unpeeled large
6672,raisin filling
6673,cinnamon icing
6674,instant butterscotch
6675,mint chocolate wafers
6676,venison steak
6677,handfuls cornflakes
6678,sue bee honey
6679,crawfish fat
6680,light philadelphia cream cheese
6681,chocolate flavoring
6682,sour red cherries
6683,pastry sheets
6684,walnut shells
6685,light vegetable oil cooking spray
6686,skittles
6687,suckers
6688,hickory smoke salt
6689,singles
6690,tots
6691,johnson's self
6692,graham crackers crumbs
6693,fresh hot sausage
6694,spanish
6695,dried cherries
6696,quinoa
6697,additional chips
6698,favorite pasta
6699,pineapple flavor
6700,lemon jello flavor
6701,n lively low-fat
6702,mushrooms - including juice
6703,campbell's onion
6704,regular yellow cake mix
6705,instant milk
6706,mint flavoring
6707,beef short ribs
6708,butter yellow cake mix
6709,low-fat ground round
6710,vanilla cookies
6711,corn flakes crumbs
6712,cream of vegetable soup
6713,fritos bean
6714,red caviar
6715,pumpernickel slices
6716,baking powder +
6717,vanilla +
6718,banana walnut cake mix
6719,beef soup base
6720,whole wheat noodles
6721,jell-o brand gelatin
6722,cereal flakes
6723,favorite fish
6724,good ketchup
6725,fruit of any kind
6726,vegetable salt
6727,frozen lime
6728,whole basil
6729,fresh ricotta
6730,julienne carrots
6731,stouffer's cheese
6732,long spaghetti
6733,pear preserves
6734,broken walnut pieces
6735,frozen cranberry
6736,fine grind coconut
6737,puffed muscatels
6738,grated juice
6739,basic recipe of bisquick
6740,strawberry cake
6741,ramen oodles
6742,other meat
6743,cents worth of cinnamon bark
6744,cents worth of turmeric
6745,cents worth of ground mustard
6746,bowtie macaroni
6747,lamb chunks
6748,containers whip cream
6749,white pearl onions
6750,chowder
6751,hidden valley party
6752,walnut
6753,frozen lemonade mix
6754,lemon wedge
6755,cholesterol-free oil
6756,maw
6757,hot turkey sausage
6758,hot country sausage
6759,frozen italian
6760,lump
6761,lite rum
6762,'s mayonnaise
6763,undiluted lite
6764,biscuit topping
6765,white confectioners sugar
6766,pumpkin mix
6767,seedless watermelon
6768,salad supreme spice
6769,meal flour
6770,pecan goodies
6771,fresh gooseberries
6772,cooking sauce
6773,catawba juice
6774,raisin juice
6775,mayfields sour cream
6776,total ground sirloin
6777,amount cake coloring
6778,cured ground ham
6779,cracked crumbs
6780,your choice yellow cake
6781,herb pepper
6782,unprocessed bran
6783,drambuie
6784,buttermints
6785,fresh medium strawberries
6786,chocolate pie crusts
6787,frozen banana
6788,italian type tomatoes
6789,live lobsters
6790,firm white fleshed fish
6791,sweet cherries
6792,country style sausage
6793,frozen chuckwagon corn
6794,lemon curd
6795,liquid red pepper sauce
6796,light ranch dressing
6797,deer ribs
6798,hickory smoke flavored sauce
6799,broccoli bunches
6800,sugar peas
6801,cream topping
6802,yellow fat
6803,grated squash
6804,hamburgers
6805,waffle cremes
6806,additional bouillon
6807,red snapper
6808,boneless cooked ham
6809,mixed peas
6810,coconut pecan filling
6811,vanilla glaze
6812,broccoli flowerettes
6813,slivered green pepper
6814,finge cracker crumbs
6815,dusting of paprika
6816,celery strips
6817,raggedy ann peaches
6818,glass cold milk
6819,golden rum
6820,guava jelly
6821,yellow summer squash
6822,soy milk
6823,'s seasoning
6824,fresh ground beef
6825,chicken flavored bouillon
6826,skor
6827,jell-o instant chocolate flavor pudding
6828,smoky-links
6829,beef flavored rice-
6830,strawberry sugar
6831,total of bell pepper
6832,chicken soup mix
6833,garlic butter
6834,chili oil
6835,red raspberry preserves
6836,cooled pie crust
6837,luncheon ham
6838,c.flour
6839,bisquick jiffy mix
6840,orange flavored gelatin
6841,hot tea
6842,fudge ice cream topping
6843,allspices
6844,monde spice
6845,flat beer
6846,gravy mix
6847,fresh italian
6848,soy-free pedigree with chunky beef
6849,warm beef
6850,candied grapefruit peel
6851,semi-chocolate
6852,chocolate flavored syrup
6853,chile peppers
6854,tennessee
6855,orange cake mix
6856,instant chicken bouillon
6857,frozen lightly sweetened red raspberries
6858,colby cheese slices
6859,bacon chips
6860,frozen sugar cookies
6861,assortment of fresh vegetables
6862,white kernel
6863,fresh sole fillets
6864,vanilla essence
6865,dairy milk
6866,sodas
6867,borden condensed milk
6868,orange soda
6869,handful saltine crackers
6870,pimiento cheese
6871,mashed yams
6872,nonstick spray coating
6873,type crackers
6874,thaw strawberries
6875,lemonade mix concentrate
6876,loaves rhodes
6877,ground turkey sausage
6878,short macaroni
6879,italian dry dressing
6880,loaves round bread
6881,chowder crackers
6882,merkts sharp
6883,beefy mushroom soup
6884,garlic oil
6885,frozen mixed fruit
6886,green jello
6887,popcorn shrimp
6888,extra virgin flavorful olive oil
6889,italian arborio rice
6890,treasures
6891,chili-o mix
6892,powdered pectin
6893,cakes cream cheese
6894,condensed golden cream
6895,italian trio noodles
6896,sharp cracker barrel cheese
6897,low-cal
6898,toasted almonds
6899,herb-flavored croutons
6900,extra ripe bananas
6901,corn chex
6902,seasoned powder
6903,lean beef chuck
6904,boiling potato
6905,carambola
6906,boursin cheese
6907,warm butter
6908,baco bits
6909,flounder fillet
6910,cream of chicken soup or cream of mushroom soup
6911,fresh lima beans
6912,sweet marsala
6913,swamp water
6914,grass
6915,white muscate
6916,favorite ice cream
6917,boiled squash
6918,cold flaked salmon
6919,orange and
6920,salad spinach
6921,mushroom gravy mix
6922,blackberry pie filling
6923,garlic sauce
6924,regular noodles
6925,lots of fresh basil leaves
6926,thin veal scallops
6927,italian spice
6928,rack pork back ribs
6929,mein sticks
6930,bacon rashers
6931,ground dried crayfish
6932,cajun style rice
6933,lingonberries
6934,dixie cookies
6935,coating mix
6936,instant coconut pudding mix
6937,knackwurst
6938,regular fritos
6939,without beans
6940,evaporated milk
6941,chocolate covered caramels
6942,cold buttermilk
6943,fresh shelled
6944,merlot
6945,chicken stock concentrate
6946,ground bay leaves
6947,ground celery seeds
6948,lemon pudding cake mix
6949,petite peas
6950,spanish raw
6951,grapefruit sections
6952,whole wheat toast
6953,cookable vanilla pudding
6954,bailey's irish cream
6955,cooked lasagna noodles
6956,parker
6957,guava pulp
6958,commercial ranch salad dressing
6959,fruit brandy
6960,pickling cucumbers
6961,sweet red bell peppers
6962,bunches celery
6963,herb seasoning stuffing mix
6964,dumplings
6965,butter cake
6966,instant chocolate milk
6967,almond flavored liqueur
6968,godiva chocolate liqueur
6969,filet of catfish
6970,shelled oysters
6971,raspberry flavored jello
6972,bouillon crystals
6973,seedless red grapes
6974,iron
6975,skinner's macaroni
6976,lean top round
6977,carrot shreds
6978,coconut cream flavor
6979,head romaine lettuce
6980,freshly ground parmesan cheese
6981,frozen noodles
6982,chili mix pkg
6983,golden corn soup
6984,baking
6985,buttermilk dressing mix
6986,area
6987,bills under $
6988,chocolate chip filling
6989,portobellini mushrooms
6990,borax
6991,brown onion
6992,slivered leaf lettuce
6993,butter flavor cake
6994,blanched slivered almonds
6995,lightly whipped whipping cream
6996,kellogg's rice
6997,melon balls
6998,bottle sparkling catawba grape juice
6999,beef rice
7000,beef seasoning packet
7001,hot applesauce
7002,salad shells
7003,loose tea
7004,family size strawberry gelatin
7005,hollandaise sauce mix
7006,straw
7007,imitation black walnut flavoring
7008,chocolate wafer cookies
7009,whooper
7010,eight
7011,maraschino juice
7012,mashed ripe avocados
7013,mock crab
7014,prepared meat
7015,sweet pickle vinegar
7016,taco meat seasoning
7017,dried navy
7018,chocolate butter
7019,chocolate chip miniatures
7020,flavored gelatin dessert
7021,french style string beans
7022,liquid from corn
7023,cold diced
7024,dried red kidney beans
7025,drippings
7026,basting sauce
7027,frozen grape juice
7028,lemonade juice
7029,butterscotch pieces
7030,several ripe tomatoes
7031,light pasta sauce
7032,plain soda water
7033,southern
7034,yellow bell peppers
7035,bread baguette
7036,tortilla chips nacho cheese
7037,blanched almond
7038,jello pistachio pudding
7039,boneless pork loin cutlets
7040,michigan navy beans
7041,fresh/frozen cranberries
7042,almond flavored rice mix
7043,yellow deluxe cake mix
7044,grape soda
7045,mushroom spaghetti sauce
7046,quarter
7047,brand chili without beans
7048,herb crouton cubes
7049,coconut juice
7050,tiger sauce
7051,george washington
7052,other spices
7053,crushed wafers
7054,herb seasoned stuffing croutons
7055,veggie
7056,healthy choice
7057,regular shortening
7058,cocktail sausages
7059,italian flavored bread crumbs
7060,piccalilli
7061,country gravy
7062,dippers
7063,whole wheat pita bread
7064,co-jack cheese
7065,jumbo shell pasta
7066,fresh/frozen crabmeat
7067,baby tomatoes
7068,clove onion
7069,powdered fruit pectin
7070,poupon mustard
7071,whole wheat sandwich buns
7072,instant chocolate drink mix
7073,white clam chowder
7074,other seafood
7075,long rice
7076,pond water
7077,croak
7078,victoria salsa victoria
7079,julienne carrot
7080,aniseed
7081,aniseed flavoring
7082,pork butts
7083,fresh pork skin
7084,pork liver
7085,crayon
7086,chicken-style seasoning
7087,pineapple including juice
7088,unsalted peanuts
7089,soft tofu
7090,red or
7091,your favorite chocolate icing
7092,raisin water
7093,beef flavor bouillon
7094,beefsteak tomatoes
7095,frozen non
7096,diabetic applesauce
7097,beef big bologna
7098,sweet gherkin sweet pickles
7099,cream of mushroom-chicken soup
7100,casa fiesta taco
7101,hawaiian rock salt
7102,grated bell pepper
7103,powdered sugar icing
7104,cream of chicken sop
7105,potato mix
7106,lemon teriyaki seasoning
7107,plantains
7108,mashed cooked yams
7109,mixed pancake batter
7110,white vanilla
7111,salad supreme dressing
7112,onion bits
7113,ground orange peel
7114,spicy chili beans
7115,whitefish fillets
7116,bottled gravy coloring
7117,soup base
7118,with cheese pasta
7119,curly pasta
7120,boneless lean beef
7121,cocktail
7122,liquid from olives
7123,fresh fish
7124,condensed golden mushroom soup
7125,unsweetened grape juice
7126,liquid squeezed out
7127,sage sausage
7128,stalks
7129,tatoes
7130,quartered artichoke
7131,macintosh apples
7132,mytfine vanilla pudding
7133,orange flavored yogurt
7134,freshly chopped dill
7135,bottle certo
7136,onion dip
7137,rabbit molasses
7138,freshly made breadcrumbs
7139,puffed rice
7140,fresh zucchini
7141,containers non
7142,worms
7143,non-iodized salt
7144,salmon chunks
7145,ham butt
7146,instant mashed potatoes
7147,chocolate-flavored confectioners coating
7148,new red potatoes
7149,orange pineapple
7150,cans spinach
7151,butterfinger chips
7152,pork bones
7153,pkgs
7154,diet sweetener
7155,kosher dill
7156,fudgy brownie mix
7157,cheddar and american cheese blend
7158,winesap
7159,clean red grapes
7160,carne
7161,fresh black-eyed
7162,baby swiss cheese
7163,favorite toppings
7164,herbal seasoned croutons
7165,vegetable burger
7166,campfire
7167,black walnut flavor
7168,pack chicken
7169,whole kernel corn with
7170,shredded swiss
7171,green candied cherries
7172,stella doro
7173,compliments
7174,of care
7175,respect
7176,helping
7177,sharing
7178,listening
7179,cooperation
7180,condensed
7181,anisette sponge cookies
7182,salmon fillets
7183,blackening seasoning
7184,parowax
7185,neck from
7186,turkey drippings
7187,hawaiian punch concentrate
7188,highly seasoned sausage
7189,white shoepeg whole kernel corn
7190,golden hominy
7191,tawny port
7192,beef tenderloins
7193,strawberry no-bake
7194,regular pie crusts
7195,ro-tel chili tomatoes
7196,cream mushroom
7197,cream chicken
7198,lean chopped meat
7199,yellow pimentos
7200,green pimentos
7201,herb seasoned dressing mix
7202,cornbread dressing mix
7203,rolled wheat
7204,fresh rosemary
7205,mein vegetables
7206,iguana
7207,roll ground sausage
7208,your favorite pie filling
7209,celery seed
7210,white cherries
7211,roasted meat
7212,cinnamon apple
7213,beck's vanilla
7214,amount of salt
7215,skinned beets
7216,amount onion
7217,hidden valley dressing
7218,gallon white wine
7219,ronzoni ziti
7220,chocolate chip morsels
7221,lemon twists
7222,coarse dry bread crumbs
7223,white baking chips
7224,hi ho crackers
7225,cut coconut
7226,frozen pizza
7227,fryer chickens
7228,fresh lean pork
7229,powdered coffee creamer
7230,kellogg's corn
7231,hormel homestyle bacon
7232,stuffing mix with herbs
7233,lemon instant sugar
7234,chopped ice
7235,simple syrup
7236,pina colada
7237,oven roast turkey breast
7238,rice-a-roni chicken
7239,fully ripe bananas
7240,sunflower kernels
7241,standard oysters
7242,oyster
7243,conventional cake
7244,natural applesauce
7245,artificial ivy
7246,hormel ham
7247,stella d'oro anginetti
7248,non-fat pioneer country gravy
7249,crowder peas
7250,very lean ground meat
7251,crown mushrooms
7252,cubed steak
7253,almond bars
7254,yellow jiffy cake mixes
7255,liquid from yams
7256,fresh trout
7257,couple sprigs parsley
7258,fresh leaf spinach
7259,cooking starch
7260,ocean fish
7261,breyers ice cream
7262,lemons juice
7263,oranges juice
7264,apple fruit filling
7265,warm buttermilk
7266,flavored
7267,hock
7268,owens regular sausage
7269,brandy for
7270,italian style sauce
7271,style sauce
7272,boneless beef rump roast
7273,green leavse
7274,gallon of cuddles
7275,afretion
7276,termite
7277,colby-monterey
7278,cold potatoes
7279,beef shanks or veal bones
7280,several radishes
7281,crab and
7282,purslane
7283,sweet and sour
7284,lite smoked sausage
7285,fennel seed
7286,ready-to-bake
7287,yellow pudding cake
7288,any red jello
7289,light sweet cream
7290,tomato chunks
7291,ohelo berries
7292,italian pear
7293,whole kernel gold
7294,low-cal jelly
7295,dessert
7296,raisin bran
7297,cumquats
7298,armour roast beef
7299,mixed candied fruit mix
7300,roll sugar
7301,fettucini noodles
7302,welsh
7303,california dressing
7304,grated baker's
7305,garden lettuce
7306,commercial strawberry glaze
7307,bar cracker barrel
7308,pickle spice
7309,regular crabmeat
7310,semi-sweet butterscotch bits
7311,chinese egg noodles
7312,mashed avocado
7313,chicken salad
7314,fresh ground black
7315,herb combination
7316,halibut fillet
7317,dry cracker crumbs
7318,hot cooked brown rice
7319,hot links
7320,file
7321,lemon-flavored ice tea mix
7322,young baby corn
7323,layer yellow cake
7324,thank you brand blueberries
7325,unblanched
7326,sound apples
7327,natural
7328,ground nut
7329,pencil points
7330,cream of condensed chicken soup
7331,campbell's chicken gumbo soup
7332,vegetable oil cooking spray
7333,firm packed light brown sugar
7334,ramen oriental noodles
7335,hot chilies
7336,green lettuce
7337,chocolate almond
7338,pimento stuffed olives
7339,sandwich bread
7340,rum flavor
7341,hiram walker
7342,mushroom mix
7343,unbleached pastry flour
7344,wish-bone
7345,fresh pumpkin
7346,sherbet ice cream
7347,barbecue chicken
7348,hard ripe tomatoes
7349,steak fries
7350,polska sausage
7351,twinkie
7352,type
7353,wiener
7354,instant stuffing mix
7355,head leaf
7356,powdered cinnamon
7357,lewis
7358,active dry or cake yeast
7359,sherry vinegar
7360,italian flavored salad dressing
7361,snacks
7362,thin milk
7363,colonial white sandwich bread
7364,cheddar cheese spread
7365,chocolate-mint liqueur
7366,egg bread
7367,serving
7368,chocolate supreme frosting
7369,gerber
7370,beanless hormel chili
7371,peeled eggplant
7372,filet of salmon
7373,pack peanut butter
7374,pack chocolate
7375,cooking dry wine
7376,green enchilada sauce
7377,fresh lemon
7378,hearty
7379,red decorator
7380,betty crocker vanilla ready
7381,green creme
7382,fresh yams
7383,'s chili seasoning
7384,ground nutmeats
7385,jumbo lump backfin crab meat
7386,ham bones
7387,grands biscuits
7388,ground sausage meat
7389,white instant rice
7390,ground ginger/nutmeg
7391,sesame oil dressing
7392,marshmallow crme
7393,extra fresh
7394,welch's grape juice
7395,deep pan pie shells
7396,miniatures
7397,beef fat
7398,fish broth
7399,red burgundy
7400,crescent refrigerated rolls
7401,other flavoring
7402,prepared mincemeat
7403,sour pie cherries
7404,graham cracker sheet
7405,chorizo canton
7406,spring onion
7407,fresh bell peppers
7408,packs
7409,very ripe tomato
7410,ham loaf mixture
7411,chocolate cookie crust
7412,'s krazy salt
7413,chunked white chicken
7414,fresh green grapes
7415,ground buttery cracker crumbs
7416,flavored rice
7417,non-beef bouillon
7418,fresh bluefish fillets
7419,several drops
7420,either ham bone
7421,dashes
7422,crisp lettuce leaves
7423,gourmet salad vinegar
7424,grape seed oil
7425,rubbing alcohol
7426,comino powder
7427,chicken flavored rice mix
7428,bean soup
7429,dream whip mix
7430,vegetarian vegetable
7431,golden italian dressing
7432,sour apples
7433,cream base
7434,nonfat margarine
7435,cold beer
7436,red chili pepper
7437,chopped sauerkraut
7438,chocolate cookie
7439,shredded crabmeat
7440,cheap beer
7441,meringue topping
7442,salad trimmings
7443,gold medal all-purpose
7444,gebhardt tamales
7445,cooked spinach
7446,fresh pak saltine crackers
7447,fresh italian parsley
7448,thawed pea pods
7449,oval pasta
7450,country style pork ribs
7451,milk granules
7452,hot-air popped corn
7453,torn romaine
7454,golden
7455,cake of yeast
7456,luke warm water
7457,roll pan sausage
7458,honey mustard barbecue sauce
7459,nonfat instant dry
7460,deer steaks
7461,broiler fryers
7462,thank you pie filling
7463,wheel
7464,types of fresh fruit
7465,mac-n-cheese dinner
7466,fresh orange peel
7467,each cloves
7468,noodle
7469,wish
7470,wagon wheel pasta
7471,goodies of your choice
7472,ann cherries
7473,frozen cloverleaf yeast rolls
7474,granulated sugar substitute
7475,hot black coffee
7476,recipe oven
7477,lemon flavored pudding/pie filling
7478,chocolate nondairy
7479,sweet italian pork sausage
7480,extra chunky mushroom
7481,frozen cheese
7482,dark rye bread crumbs
7483,heavy crem
7484,shreds lime
7485,microwave
7486,gourmet dip
7487,white marshmallows
7488,pat
7489,uncle dan's salad dressing
7490,elbow macaroni noodles
7491,no-salt
7492,freshly cooked
7493,red tart pie cherries
7494,boneless pork roast
7495,del monte cream-style
7496,white lilly flour
7497,samoas
7498,#NAME?
7499,watermelon flesh
7500,jalapeno chile
7501,fresh red
7502,fresh bass
7503,chocolate confectioners coating
7504,cherry pie
7505,#NAME?
7506,flakey biscuits
7507,frosted flakes
7508,new york cheddar cheese
7509,eggs whites
7510,shavings of chocolate
7511,fresh juice
7512,make-ahead meatballs
7513,chopped citron
7514,italian bread shell
7515,jalapeno chili
7516,amount red food coloring
7517,sweetened strawberries
7518,cactus
7519,corn with peppers
7520,mashed figs
7521,coconut macaroons
7522,white pound cake recipe
7523,draft caramel
7524,crusty bread
7525,meat drippings
7526,delicious apple
7527,ground round beef
7528,knorr-swiss aromat seasoning
7529,creamed shortening
7530,dried marjoram
7531,vanilla-flavored confectioners sugar coating
7532,white regular sugar
7533,salad type
7534,apple drink
7535,seafood seasoning blend
7536,warm wine
7537,baby okra
7538,aubergines
7539,handful parsley
7540,crushed creme
7541,matzo cake flour
7542,big marshmallows
7543,bucket beets
7544,peper
7545,tiny salad shrimp
7546,bread dressing mix
7547,white lily all-purpose
7548,cane syrup
7549,macaroon crumbs
7550,banana chips
7551,thin slices onion
7552,chive vinegar
7553,happiness
7554,caring
7555,wisdom
7556,artful living
7557,thoughtful insight
7558,selfless giving
7559,mixed with
7560,potted meat
7561,party rye squares
7562,filleted flounder
7563,campbell's tomato
7564,ground raw ham
7565,maple flavor
7566,chocolate flavor sugar
7567,herbal stuffing mix
7568,caramel extract
7569,beefy-onion soup
7570,chili blend
7571,italian spice mix
7572,chopped giblets
7573,pudding rice
7574,green mangoes
7575,grape-
7576,pour of oil
7577,marshmallow spread
7578,drops ice-cream
7579,broccoli soup
7580,taco flavor
7581,borden whipping cream
7582,chicken consomme
7583,cross strain venison
7584,boneless skinless chicken strips
7585,corn - popped
7586,griffin's crystal
7587,light white cake mix
7588,chili sauce mix
7589,fillet of sole
7590,thin slices tomato
7591,pickle
7592,grained mustard
7593,ready-made
7594,lemon low-fat yogurt
7595,olive/vegetable oil
7596,several grindings
7597,salad mustard
7598,queso
7599,pico de gallo
7600,healthy choice cream of chicken soup
7601,chicken concentrate
7602,cream of mushroom sauce
7603,unsulfured molasses
7604,stone-ground
7605,dark cherry
7606,coconut cream jello
7607,hickory seasoning sauce
7608,hickory seasoning
7609,devils food cake
7610,grated alpine
7611,hot beef broth
7612,green mangos
7613,preserved ginger
7614,seashell pasta
7615,amount of sugar
7616,lean ground hamburger
7617,saltpeter
7618,serrano pepper
7619,uncooked lasagna noodles
7620,sandwich style bread
7621,venison meat
7622,wild mushrooms
7623,del monte chunky chili-style stewed
7624,'s red
7625,italian turkey sausage
7626,cucumber salad dressing
7627,ham bone with
7628,chocolate drink powder
7629,homemade biscuits
7630,chicken cream
7631,ghiradelli ground chocolate
7632,club crackers
7633,large strawberries
7634,colored cherries
7635,cloverleaf rolls
7636,sour dough starter
7637,string bans
7638,chocolates
7639,thin slices margarine
7640,ribeye
7641,beef base
7642,cooking tomatoes
7643,no fat
7644,mozzarella shredded cheese
7645,powdered dry milk
7646,casera sauce
7647,ground saffron
7648,green lima
7649,additional whipped cream topping
7650,any kind macaroni
7651,natural pumpkin
7652,medley
7653,vegetable mix
7654,original meat marinade
7655,strawberry gelatin powder
7656,hogdson
7657,glucose
7658,bottle cheerwine
7659,niblets mexicorn
7660,butterscotch coating
7661,frozen corn niblets
7662,light vegetable cooking oil spray
7663,cajun spice
7664,shortening-part butter
7665,recipe plain pastry
7666,pasta stuffing shells
7667,sweet green
7668,frozen cooked squash
7669,cheddar sharp cheese
7670,cream of chicken-mushroom soup
7671,pressed beef
7672,light vanilla ice cream
7673,del monte cream
7674,clove galric
7675,apple dip
7676,light peaches
7677,small rolls
7678,butt
7679,medium broad egg noodles
7680,cajun tomatoes
7681,'s special tomato sauce
7682,coconut pecan icing
7683,graham cracker cookies
7684,chocolate fudge icing
7685,white chocolate almond bark
7686,lean meat
7687,rolls chocolate chip
7688,phyllo dough
7689,goose
7690,crabs
7691,lean lamb
7692,campbell's chili beef soup
7693,fresh turnips
7694,mocha butter
7695,beef sirloin steak
7696,hamburg meat
7697,hard pretzels
7698,white angel
7699,green peppercorns
7700,cherrystone clams
7701,kind
7702,amount red food
7703,basket cherry tomatoes
7704,dish detergent
7705,rolled corn
7706,cheese dip
7707,roll refrigerator sugar cookies
7708,welch's
7709,wettable powder
7710,heap of understanding
7711,belief
7712,fresh mushroom slices
7713,cranberry vinegar
7714,cranberry jello
7715,cube steak
7716,tidbits cheese crackers
7717,sweet sue chicken
7718,corn with liquid
7719,phyllo layers
7720,ground orange
7721,chocolate square
7722,turkey carcass
7723,coffee-rich
7724,chicken tenderloin
7725,hoisin
7726,medium wide noodles
7727,lean pork spareribs
7728,chocolate pie pudding
7729,smokey hollow beef sausage
7730,crumbled wheat
7731,recipe of pie crust
7732,wooden sticks
7733,either of vanilla pudding
7734,fettucine broken
7735,orange drink mix
7736,fancy button mushrooms
7737,cooking oil spray
7738,baking powder dissolved
7739,orange flaked coconut
7740,sub rolls
7741,fennel seeds
7742,deli mozzarella cheese
7743,extra lean pork chops
7744,dressing crumbs
7745,beef flavored bouillon cubes
7746,soft rye
7747,boned white chicken
7748,beef steak tomato
7749,mache
7750,ridicchio
7751,frozen peaches
7752,frankfurter rolls
7753,cocktail wieners
7754,cooked lentils
7755,lentil juice
7756,cinnamon butter
7757,planters pecan
7758,crushed cheese crackers
7759,southern style hash browns
7760,wheaties
7761,dry spaghetti
7762,tropical fruit
7763,crumb pie shell
7764,graham cracker crumb crusts
7765,chocolate wafer crumb crust
7766,peel
7767,buttered
7768,noncholesterol oil
7769,sugar cheese
7770,black walnut meats
7771,vegetable bouillon cube
7772,hazelnut flavored liqueur
7773,moist applesauce spice cake
7774,grain rice
7775,chili pods
7776,shredded reduced-fat
7777,creamed style corn
7778,multi-colored corkscrew noodles
7779,elmers glue
7780,red ribbons
7781,mashed raspberries
7782,or jumbo
7783,creamettes spaghetti
7784,gingersnap crumbs
7785,chicken breast tenderloins
7786,savoy
7787,strawberry spread
7788,very cold water
7789,corn beef
7790,chicken/vegetable broth
7791,green squash
7792,yellow self-rising
7793,griffin grape jelly
7794,fresh orange sections
7795,thin sliced cabbage
7796,sweet apples
7797,slivered basil
7798,pepper juice
7799,skinless kielbasa
7800,fresh-like cream-style corn
7801,fresh-like whole kernel corn
7802,colorings
7803,sesame salad dressing
7804,coconut surprise cake mix
7805,fresh green pepper
7806,clean snow
7807,chicken breast cubes
7808,firm ripe bananas
7809,strong vinegar
7810,mozzarella cheese strips
7811,cream of mushroom soup or cream of celery soup
7812,sponge cake
7813,white wine worcestershire
7814,whole kernel sweet corn
7815,italian dressing with cheese
7816,canned crabmeat
7817,yam
7818,walnut sprinkles
7819,chinese brown vinegar
7820,chinese hot pepper sauce
7821,liberally with
7822,canned fruit
7823,boiled sweet potatoes
7824,imitation strawberry flavoring
7825,better
7826,magarine
7827,jumbo onions
7828,samuels
7829,nutty peanut butter
7830,lots of water
7831,wafer beef
7832,potato starch
7833,layers yellow cake
7834,fingers
7835,nabisco pretzels
7836,fresh sugar snap peas
7837,fine crumbs
7838,duncan hines fudge brownie mix
7839,chocolate creme
7840,round roast
7841,lopez coconut liquid
7842,rolls crescent rolls
7843,several red maraschino cherries
7844,beef ravioli
7845,mozzarella cheese slices
7846,whole wheat sandwich bread
7847,stewing/fryer chicken
7848,patis
7849,green papayas
7850,handful grated cheddar cheese
7851,country stand
7852,uncle dan's dressing
7853,cranberry-apple drink
7854,distilled white vinegar
7855,coarse cheese
7856,lemon pulp
7857,all-purpose cream
7858,corn puffs
7859,peeled apricots
7860,ground raw tart apples
7861,white loaf bread
7862,fava beans
7863,ginger syrup
7864,marbled rye
7865,household ammonia
7866,flake cereal
7867,prawns
7868,brown wild rice
7869,beef-flavor
7870,tortilla flour
7871,lou's
7872,pack carrots
7873,fatback
7874,green chile
7875,drops of food coloring
7876,couple shakes chili powder
7877,couple shakes italian dressing
7878,couple shakes garlic
7879,couple shakes onion powder
7880,fresh snipped parsley
7881,grated carrots
7882,chunky fruit cocktail
7883,glass water
7884,vanilla pudding-pie
7885,whole clams
7886,country style pork spareribs
7887,hot chicken
7888,corn tortilla shells
7889,lean chopped beef
7890,frozen gumbo vegetable mix
7891,champagne mustard
7892,lemon dill
7893,cream of chicken soup or mushroom soup
7894,vanilla icebox cookies
7895,low-fat beef gravy
7896,parkay oleo
7897,several dashes
7898,additional sugar
7899,cold mashed sweet potatoes
7900,cold strong black coffee
7901,fruit jello
7902,rind
7903,tomato bisque soup
7904,canning
7905,salt substitute
7906,fresh herb
7907,griffin's coconut
7908,campbell's condensed cream of mushroom soup
7909,cream o chicken soup
7910,neck bones
7911,alumin
7912,long loaf
7913,bottles chili sauce
7914,young venison
7915,golden delicious apple
7916,cheese broccoli
7917,orange honey syrup
7918,gherkins
7919,long strips
7920,turns pepper
7921,chilled mayonnaise
7922,/beef brisket
7923,campbell's condensed new cream of chicken
7924,e
7925,cream-style soup
7926,chicken-like seasoning
7927,vegie-sal
7928,seasoning blend
7929,pearl rice
7930,achiote-cilantro
7931,sour dough bread
7932,tostitos chips
7933,baby
7934,yam patties
7935,waverly cracker crumbs
7936,chunky style salsa
7937,lox
7938,stack butter
7939,salt sense
7940,whole anise
7941,azahar water
7942,unbeaten eggs
7943,long yellow peppers
7944,cornish game hen halves
7945,whole black peppercorns
7946,flaky refrigerator crescent rolls
7947,extra bread
7948,extra lean beef
7949,brownie toppers
7950,cream of tartar for meringue
7951,brown pie shell
7952,crystalized cherries
7953,liquor
7954,follow directions
7955,trimmed blanched pea pods
7956,lime concentrate
7957,coffee liqueur
7958,zest from same lemon
7959,kellogg's rice krispies
7960,basil leaves
7961,sweet bell peppers
7962,frozen mixed broccoli
7963,your favorite pizza
7964,o-
7965,loin end pork
7966,deluxe yellow cake mix
7967,italian herbs
7968,favorite jelly
7969,coarse saltine cracker crumbs
7970,whole leaf spinach
7971,paso green enchilada sauce
7972,fruit pie mix
7973,romaine
7974,toasted walnut halves
7975,well-flavored chicken bouillon
7976,frozen yellow corn
7977,cooking chocolate
7978,croustades
7979,bakewell cream
7980,boned woodchuck meat
7981,brisket beef
7982,assorted gumdrops
7983,lemon/lime
7984,smashed pears
7985,cubed meat
7986,thin strip steak
7987,chocolate drink mix
7988,western style frozen veggies
7989,pink lemonade powder
7990,favorite herb
7991,pimento cheese salad
7992,sweet chocolate squares
7993,chex cereals
7994,tomato bits
7995,szechuan seasoning
7996,flat anchovies
7997,poppers
7998,clear syrup
7999,thin carrot
8000,fully ripe banana
8001,low-fat part skimmed mozzarella cheese
8002,other ingredients
8003,lots of shrimp
8004,lots of crab
8005,lots of crawfish
8006,lots of corn
8007,lots of potatoes
8008,lots of napkins
8009,lots of friends
8010,whole kernel corn with sweet peppers
8011,lean ground beef for meatballs
8012,beef round rump roast
8013,coarse grain brown mustard
8014,ground pork shoulder
8015,chicken-n-rice soup
8016,tortillas - corn
8017,fruit sherbet
8018,box shells
8019,slivered ham
8020,shredded kraut
8021,irish potato
8022,shred coconut
8023,sweetened applesauce
8024,chocolate drops
8025,deluxe chocolate frosting
8026,roux
8027,leftover cooked taco
8028,loaves round rye bread
8029,baking powder biscuits
8030,jalapeno pinto beans
8031,whole chilies
8032,lemon flavored jello
8033,baby drumsticks
8034,unpeeled pears
8035,boiling coffee
8036,fresh firm green bell peppers
8037,cola beverage
8038,cream of chick
8039,empty soup
8040,pods okra
8041,golden eagle syrup
8042,regular country sausage
8043,any wheat flake cereal
8044,overripe cucumbers
8045,pints
8046,red italian onions
8047,fresh scrod
8048,angel hair
8049,powdered yeast
8050,wingflingers
8051,dry italian salad dressing mix
8052,tortilla shell
8053,veggie noodles
8054,freshly ground sausage links
8055,ham cubed
8056,brick cream cheese
8057,fiesta corn
8058,loose hot
8059,different varieties
8060,butter croissants
8061,black peppercorn
8062,section
8063,extra flour
8064,coarse kosher salt
8065,mashed squash
8066,pimiento olives
8067,knob of butter
8068,chocolate cook
8069,decoration
8070,skillet cooked cornbread
8071,calories
8072,vitamin
8073,italian good seasons
8074,save
8075,capful vanilla
8076,quick soda
8077,jumbo crabmeat
8078,liquid taco sauce
8079,pepperoncini peppers
8080,harina de
8081,fresh hen
8082,prepared great northern beans
8083,shredded wheat cereal
8084,lemon and vanilla flavor
8085,lof-fat ground beef
8086,ballard biscuits
8087,slivers green onions
8088,pickle spices
8089,yogurt cheese
8090,low-fat mozzarella
8091,fresh herb vinaigrette
8092,container cheez whiz
8093,loins
8094,pack soda crackers
8095,chunky mixed fruit
8096,quartered cherries
8097,morton lite salt
8098,distilled vinegar
8099,pickled relish
8100,white pitted cherries
8101,instant coconut cream
8102,sweet pineapple
8103,healthy choice liquid egg
8104,fully cooked kielbasa
8105,#NAME?
8106,brick sharp cheese
8107,wild plums
8108,raspberry flavored vinegar
8109,onion mix
8110,boneless white chicken
8111,light-colored corn syrup
8112,wet mustard
8113,couple shakes old
8114,several cloves
8115,orange danish roll
8116,block ice cream
8117,metazanne
8118,'s cocoa
8119,lean boneless pork
8120,frozen japanese-style
8121,shredded sharp american
8122,cool whip -
8123,celery chunks
8124,ground coriander seed
8125,roman
8126,fresh flounder
8127,daniels
8128,fresh tortellini
8129,chicken/turkey broth
8130,blanched ground almonds
8131,ground veal/beef
8132,ginger preserves
8133,double whipping cream
8134,noodle-roni angel hair pasta with parmesan cheese
8135,schilling taco
8136,tubs crystal
8137,peppermint leaves
8138,lemon pudding mix
8139,cinnamon red-
8140,jif peanut butter
8141,california green chiles
8142,beef bottom round
8143,chocolate cookie crumbs
8144,chocolate-covered coffee beans
8145,leftover roast
8146,brown gravy flavoring
8147,pear pulp
8148,domino
8149,hormel chunk ham
8150,enchilada
8151,semi-sweet chocolates
8152,pack cheese
8153,narrow noodles
8154,semi-sweet bits
8155,maxwell
8156,alcohol
8157,torn spinach
8158,vanilla cake
8159,jumbo macaroni
8160,extra lean ground turkey breast
8161,scalding milk
8162,squares white baking chocolate
8163,yellow corn bread
8164,halved cherry tomatoes
8165,toasty
8166,courtesy
8167,hobby
8168,green hot pepper
8169,redfish fillets
8170,white champagne
8171,ring of mixed frozen fruits
8172,snowdrift
8173,brown miso
8174,grains of salt
8175,lemon with rind
8176,orange with rind
8177,campbell's new broccoli cheese soup
8178,white plain cornmeal
8179,crumbled tofu
8180,eggroll wrappers
8181,favorite cupcake mix
8182,favorite frosting mix
8183,coarse-medium
8184,of crabmeat
8185,sweet salad
8186,medium gumdrops
8187,cream of chicken soup undiluted
8188,lite brown sugar
8189,buttermilk dry dressing
8190,orange-flavored liqueur
8191,pam
8192,genoa salami
8193,powdered ammonia
8194,pack strawberry jello
8195,matzo
8196,shrimp stew
8197,hot ground sausage
8198,fried crisp bacon
8199,fresh lump crab meat
8200,bowl of popcorn
8201,red pinto
8202,banana juice
8203,bon appetit
8204,kernel yellow corn
8205,sucaryl
8206,colored candy sprinkles
8207,butterscotch flavored chips
8208,reserved jello
8209,lesueur carrots
8210,baking coconut
8211,pork stuffing mix
8212,thick sauce
8213,mashed white potatoes
8214,shedded wheat
8215,slivered blanched almonds
8216,chopped strawberries
8217,unselfishness
8218,chicken soup with rice
8219,beef round bottom roast
8220,biscuit recipe
8221,corn w/liquid
8222,thank you
8223,dark karo syrup
8224,chicken ramen noodles
8225,whole beets plus juice
8226,raised catfish
8227,brandied fruit
8228,lemon-lime soda pop
8229,mashed pumpkin
8230,kosher dills
8231,mixed pickle
8232,sizzalene
8233,armour dry beef
8234,'s chocolate
8235,blended whiskey
8236,velveeta -
8237,shoulder
8238,frozen grape juice concentrate
8239,canister
8240,liquid eggs
8241,cheddar/mozzarella cheese
8242,english mustard
8243,white chocolate-cream cheese
8244,pattypan
8245,instant pistachio mix
8246,fritos chips
8247,mocha mix
8248,butterscotch flavored topping
8249,regular cornbread
8250,white grits
8251,tightly packed torn romaine lettuce
8252,fresh grapefruit sections
8253,frozen waffle fries
8254,fruit punch
8255,cream of white mushroom soup
8256,white bacon
8257,recipe secrets golden
8258,creme fraiche
8259,frozen hashbrown potatoes
8260,nondairy coffee
8261,barracuda
8262,made pie crusts
8263,instant chocolate mousse
8264,potato strips
8265,ring of bell pepper
8266,generous pat of
8267,boxes
8268,italian spaghetti powder
8269,garlic powder mix
8270,cajun seasoning mix
8271,knorr beef bouillon cubes
8272,chili-o seasoning mix
8273,italian noodles
8274,loin end pork roast
8275,cooked roast beef
8276,firm fleshed
8277,fish seasoning
8278,ground crackers
8279,dessert topping mix
8280,chicken backs
8281,herb salt
8282,chocolate sugar
8283,shedded monterey
8284,instant soup mix
8285,chicken gravy mix
8286,clam chowder soup
8287,filo
8288,mixed peppers
8289,mandarins
8290,refrigerated linguine
8291,almond bark white chocolate
8292,nonstick spray
8293,semolina
8294,press beef
8295,salt according
8296,spoonful alum
8297,catfish steaks
8298,bricks
8299,porous rocks
8300,rubber
8301,laundry bluing
8302,hot monterey
8303,natural rice
8304,cream pie filling
8305,achote coloring
8306,jalapeno chili peppers
8307,regular oatmeal
8308,canned northern beans
8309,frozen size-wise vegetables
8310,hunk butter
8311,griffin's white syrup
8312,avocado oil
8313,eggless noodles
8314,bacon slice
8315,apricot flavored gelatin
8316,bugs
8317,beef rump steak
8318,fresh lard
8319,bees wax
8320,camphor
8321,white rosin
8322,balsam of peru
8323,oil of cedar
8324,turpentine
8325,whipping cream type bread
8326,stale bread
8327,egg roll wrappers
8328,pork drippings
8329,tubs butter
8330,pomegranate seeds
8331,enough crust
8332,low-fat dressing
8333,snapper
8334,amount oregano
8335,hint of paprika
8336,stalks chives
8337,fruit salad
8338,duck breasts
8339,oleo margarine
8340,curly
8341,either ham
8342,frozen chinese
8343,buttermilk mayonnaise
8344,creme-de
8345,hydrox
8346,sirloin tips
8347,fresh parmesan
8348,green salad olives
8349,black soy sauce
8350,hot chili oil
8351,black vinegar
8352,fresh vermicelli
8353,frosting mix
8354,kretschmer honey
8355,broth from cooking giblets
8356,flavorings
8357,coconut pecan
8358,chop suey meat
8359,pistachio jello
8360,wild grapes
8361,heinz ketchup
8362,boxed dressing mix
8363,dabs of butter
8364,kretschmer wheat germ
8365,processor
8366,regular tubs
8367,manicotti
8368,cocktail frankfurters
8369,white karo corn syrup
8370,upper
8371,cinnamon powder
8372,fresh plums
8373,fresh kiwi fruit
8374,extra good parmesan cheese
8375,vegetable shortening pie crust
8376,fresh turkey
8377,angel cake
8378,full tbsp
8379,parsley flakes optional
8380,fita shells
8381,boneless breast of turkey
8382,frangelico liqueur
8383,thank you brand
8384,fresh plum tomatoes
8385,campbell's golden corn soup
8386,dried great northern beans
8387,fresh california strawberries
8388,mixed lettuce
8389,parsley leaves
8390,sorrento string cheese
8391,mixed frozen vegetables
8392,drops of vanilla essence
8393,bowl lettuce
8394,ground dark roast coffee
8395,shell sauce
8396,before whipping
8397,semi-sweet chocolate tidbits
8398,delicious
8399,banana pudding
8400,beef blade steak
8401,crumbled gingersnaps
8402,chocolate covered toffee
8403,mean sauce
8404,tropical fruit salad
8405,gold raisins
8406,refrigerator buttermilk
8407,wild strawberry jello
8408,sweet italian sausages
8409,italian-style bread crumbs
8410,toes
8411,rusks
8412,bavarian sauerkraut
8413,party bread
8414,basket roma tomatoes
8415,pizza seasoning
8416,parmesan/romano cheese mixture
8417,sweet yellow onion
8418,natural cereal
8419,country style hash browns
8420,bite size rice squares cereal
8421,chinese pea pods
8422,cod fish
8423,fusilli
8424,baby back pork
8425,onion/garlic
8426,fruit liqueur
8427,salad macaroni
8428,favorite juice
8429,curd cottage cheese
8430,good vinegar
8431,frozen tortillas
8432,shelled almonds
8433,ground hamburg steak
8434,cocoa chocolate
8435,quick-cooking oatmeal
8436,sargento
8437,dandelion blossoms
8438,turkey italian sausages
8439,skillet cornbread
8440,whole ripe olives
8441,plant pot
8442,canadian style bacon
8443,semi-sweet chocolate mini chips
8444,fresh cherries
8445,fresh pork loin
8446,assorted fruit
8447,whole mustard seed
8448,containers avocado
8449,coca
8450,orange pekoe tea
8451,pork hock
8452,turkey breast roast
8453,firm packed brown sugar
8454,lay bean
8455,white potato
8456,butter cookies
8457,caramel sundae topping
8458,italian flavored bread crumbs with parmesan
8459,buttered breadcrumbs
8460,grayed raspberries
8461,blended herbs
8462,wish-bone light italian dressing
8463,base
8464,m's
8465,coconut cream pudding
8466,browned hamburg
8467,boston lettuce leaves
8468,cooking macaroni
8469,hunk cheese
8470,valley original
8471,cocktail rye
8472,sweet ones
8473,shredded reduced fat monterey
8474,melon
8475,sour cherry juice
8476,ground apricots
8477,port wine
8478,lean spareribs
8479,beets with liquid
8480,black bean
8481,additional whipped cream
8482,green/red peppers
8483,golden yellow cake mix
8484,corn bread dressing
8485,liquid from chicken
8486,tart applesauce
8487,thin apple
8488,sunflower margarine
8489,brown molasses chinese
8490,boiling milk
8491,whipped dairy topping
8492,kosher
8493,ready-to-serve chicken broth
8494,regular tomatoes
8495,red raspberry gelatin
8496,hawaiian bread
8497,lemon-pepper seasoning
8498,minute oats
8499,hormel chili with beans
8500,bread sticks
8501,mein chinese noodles
8502,martha white apple-cinnamon
8503,saccharine
8504,potato buds
8505,mixed fruit including dates
8506,anaheim chiles
8507,zest from
8508,orange brandy
8509,solid-pack
8510,natural high fiber cereal shreds
8511,sugar twin
8512,pebbles cereal
8513,bacon crumbles
8514,toffee chips
8515,mince shallots
8516,cherry fruit pie filling
8517,robbin eggs
8518,coconut tinted
8519,foil paper
8520,either pepper
8521,milk-chocolate chips
8522,frozen o'brien hash brown potatoes
8523,warmth
8524,friend
8525,gebhardt's chili powder
8526,gebhardt's
8527,dry crumbs
8528,duncan hines traditions vanilla cake mix
8529,rosewater
8530,orange crush soda
8531,lean boneless pork loin
8532,pack sugar
8533,pack lite cream cheese
8534,ultra lean beef
8535,ground fennel
8536,dish unbaked pie crust
8537,butterscotch instant pie filling
8538,light philadelphia
8539,homemade beef stock
8540,clear chicken broth
8541,crab flakes
8542,'s topping
8543,cream of chicken and broccoli soup
8544,grated green peppers
8545,tobasco
8546,potato cubes
8547,cinnamon imperials
8548,flavoring oil
8549,butter flavor oil
8550,empty
8551,sweet-sour dressing
8552,creamed mushroom chicken soup
8553,crimini
8554,chianti
8555,hot dog franks
8556,onion croutons
8557,quail breast
8558,light pasteurized process cream cheese
8559,maraschino cherry halves
8560,dark sweet chocolate
8561,cream cheese pineapple
8562,twirl pasta
8563,black olive slices
8564,ham lean
8565,julienne strips lemon peel
8566,popcorn cheese
8567,chili powder seasoning
8568,fresh clipped corn
8569,shredded reduced fat monterey jack cheese
8570,frozen phyllo pastry
8571,dry jello
8572,white tostitos
8573,amount mayonnaise
8574,jello gelatin
8575,golden delicious
8576,white oleo
8577,favorite baked beans
8578,nulomoline
8579,lecithin
8580,corn drain
8581,pack hidden valley ranch dressing
8582,pkgs instant vanilla pudding
8583,low-fat condensed cream of tomato soup
8584,loaves rye
8585,schilling chili mix
8586,rigati
8587,progresso tomatoes
8588,tirkey
8589,roasting bag
8590,salt pepper
8591,doritoes cheese tortilla chips
8592,triangles
8593,instant vanilla
8594,corn cake pancake mix
8595,barbecue seasoning
8596,pot cheese
8597,any rice
8598,lemon balm
8599,lemon thyme
8600,crumbly style
8601,low-fat pioneer pancake mix
8602,white kanten
8603,koshian
8604,trimmed beef tenderloin
8605,campbell's new golden corn soup
8606,fresh cooked spinach
8607,liquid crawfish boil
8608,water ground meal
8609,vegy oil
8610,sunshine
8611,cheese biscuits
8612,white chocolate cream cheese frosting
8613,thin sliced celery
8614,roasting chickens
8615,squirrel
8616,grouse
8617,vanilla wafer crusts
8618,beef stew without fat
8619,pearl tapioca
8620,red colored sugar
8621,dyed almond slivers
8622,crab blend
8623,hidden valley milk
8624,rhubarb sauce
8625,cedar
8626,creamed crisco
8627,sweet baking chocolate
8628,layer lettuce
8629,layer bacon chips
8630,cooked great northern beans
8631,thick yogurt
8632,box mostaccioli
8633,low-fat powdered milk
8634,sympathy
8635,courage
8636,velveeta style cheese
8637,dry great northern beans
8638,chicken broth from chicken
8639,white crisco shortening
8640,dried figs
8641,frozen italian beans
8642,pt.vinegar
8643,all-spice
8644,long grain brown rice
8645,hines supreme cake mix
8646,any squash
8647,cookie pie crust
8648,chayotes
8649,tomato relish
8650,secret ingredients
8651,lite caesar salad dressing
8652,bite size chocolate chip cookies
8653,julienne beets
8654,lemon grass
8655,kaffir leaves
8656,red chili peppers
8657,italian link sausages
8658,pate
8659,regular bottle barbecue sauce
8660,red chiles
8661,marchmallows
8662,condensed minestrone
8663,sprinkling of salt
8664,bacon dripping
8665,routiani pasta
8666,ground unpeeled apple
8667,tokay grape halves
8668,malt vinegar
8669,pumpernickel bread
8670,buttermilk bisquick
8671,liquid cooking oil
8672,king crabmeat
8673,boiling rice
8674,firm whitefish
8675,sweet rice
8676,yogurts
8677,chinese mustard
8678,steamed broccoli
8679,wide lasagna noodles
8680,enrollado noodles
8681,light process cream cheese
8682,green lentils
8683,instant coconut cream pudding
8684,deviled ham
8685,barrel laughs
8686,regular crab meat
8687,black diced olives
8688,matzoh meal
8689,oscar mayer beef
8690,hot dog bun
8691,mustard greens
8692,middling meat
8693,appreciation
8694,pleasant companionship
8695,deserving praise
8696,carefully chosen advice
8697,cheerfulness
8698,ragu sauce
8699,richardson's butterscotch
8700,cornbread dressing
8701,cold cuts
8702,chocolate-flavored pie crust
8703,dry mix dream whip
8704,schilling meat marinade
8705,ginger preserve
8706,chicken coating mix
8707,banana leaf
8708,frozen loaf bread dough
8709,ranch salad dressing mix
8710,slaw mix
8711,tsp.cinnamon
8712,l
8713,pimento peppers
8714,american cheese spread
8715,frozen lima
8716,sweet-sour red cabbage
8717,some red
8718,caper
8719,spiral shape pasta
8720,low-fat jello
8721,commercial italian salad dressing
8722,cold boiled potatoes
8723,refrigerator croissants
8724,herbs - parsley
8725,caramel flavor
8726,chicken-rice soup
8727,poultry stuffing
8728,lite red wine vinegar
8729,apple flavored gelatin
8730,soybeans
8731,blackstrap molasses
8732,mozzarella and/or
8733,sour cream frosting
8734,bite size pretzels
8735,hidden valley
8736,sack salt
8737,cream cheese icing
8738,hickory smoke flavoring
8739,sour cream mix
8740,garden style spaghetti sauce
8741,onion-mushroom
8742,extra light olive oil
8743,wet soda
8744,tangerine juice concentrate
8745,cherry tomato
8746,diet creme soda
8747,alum powder
8748,chocolate crust
8749,chocolate whipped topping
8750,containers heavy cream
8751,chicken patties
8752,cranberry cocktail
8753,beef flavored rice
8754,wild game meat
8755,salada
8756,made pie crust
8757,milk milk
8758,bite size bran cereal squares
8759,black eyed peas
8760,handful of basil
8761,skinner trio italian pasta
8762,ranch style beans
8763,lumpia wrappers
8764,handful cashew nuts
8765,japanese cucumbers
8766,butter +
8767,simi-sweet chocolate pieces
8768,amount cinnamon
8769,lady fingers
8770,almond macaroons
8771,turkey drumsticks
8772,grated italian macaroni cheese
8773,guacamole dip mix
8774,leftover rice
8775,container whipped
8776,loaves party bread
8777,roll saltine crackers
8778,heath chips
8779,hot chili peppers
8780,recipe esther's pie crust
8781,family size tea bag
8782,lightly packed
8783,cooked linguine
8784,vanilla wafer pie crust
8785,wide egg
8786,instant stuffing
8787,bottle soda water
8788,bowl squash
8789,unsalted cracker meal
8790,white turkey
8791,extra rye loaf
8792,people
8793,whole figs
8794,newman's own
8795,ground dill
8796,bottle salsa
8797,brick of monterey jack cheese
8798,powdered dry skim milk
8799,souffle
8800,enough
8801,cubed jellied cranberry sauce
8802,barcardi pina colada flavor
8803,pink sherbet
8804,liquid food color
8805,white dry wine
8806,white pudding cake mix
8807,frozen egg substitute
8808,pocket pita bread
8809,long cooking oatmeal
8810,linguica
8811,raisin
8812,chicken grease
8813,refrigerator-case
8814,gal ice cream
8815,condensed skim milk
8816,gingersnaps
8817,coarse red pepper
8818,brick sharp orange cheese
8819,minced meat
8820,fruit cake mix
8821,deluxe mixed nuts
8822,pints strawberries halved
8823,strawberry gelatin mix
8824,chocolate layer cake frosting
8825,easter
8826,celery hearts
8827,golden mix
8828,instant chix bouillon granules
8829,italian oregano
8830,whole-wheat flour
8831,butterscotch tidbits
8832,mixed-grain sandwich bread
8833,seltzer
8834,eggs depending
8835,jars junior baby carrots
8836,carton nonfat lemon yogurt
8837,sweet kernel corn
8838,fifth bourbon
8839,fresh corn kernels
8840,stir-fry beef
8841,brown bouquet sauce
8842,aigs
8843,chez
8844,conchiglioni shells
8845,twice ground lean pork shoulder
8846,romano/parmesan cheese
8847,gallon ground pears
8848,hot red peppers
8849,yellow butter
8850,container lite
8851,butter sauce
8852,pompeian extra virgin olive oil
8853,other seasonings
8854,chili juice
8855,strawberry yogurt ice cream
8856,caramel fluff
8857,flavorite cinnamon
8858,flavorite miniature marshmallows
8859,ground oatmeal
8860,couander seed
8861,tomato sauce with mushrooms
8862,golden apples
8863,empire apples
8864,fruity red wine
8865,red skinned potatoes
8866,frozen wheat bread
8867,salt meat
8868,cole slaw dressing
8869,pepperoni sausage
8870,frozen snap peas
8871,frozen baby carrots
8872,lovers chips
8873,weak vinegar
8874,apple pie mix
8875,jello instant pudding
8876,dream whip topping
8877,packets certo
8878,smooth apricot
8879,washed spinach
8880,cardamon seed
8881,instant whip
8882,wild
8883,fresh string beans
8884,rolls cocoa
8885,turkey ham strips
8886,light salad dressing
8887,black bread
8888,swirls
8889,black mushrooms
8890,lite white cake
8891,box lite strawberry
8892,grated radishes
8893,cream scoops vaseline
8894,red balloons
8895,roll refrigerator sugar cookie dough
8896,rosamarina
8897,meringue shell
8898,vanilla pudding powder
8899,low-fatt buttermilk
8900,long celery stalks
8901,white bread flour
8902,cold black coffee
8903,cabbage head
8904,chocolate covered peanut butter
8905,orange rind curls
8906,natural cheese
8907,pie pastry
8908,pork chop
8909,whole-grain mustard
8910,young summer
8911,deli-style ham
8912,liquor of your choice
8913,light salami
8914,apple schnapps
8915,chachere's cajun
8916,frozen blackberries
8917,seedless apricots
8918,aspirins
8919,cardamon pods
8920,some coriander
8921,rich milk
8922,instant pie filling
8923,amount mustard
8924,stove top chicken flavor stuffing mix
8925,nonfat mayo
8926,recipe pie crust
8927,tidbits
8928,ground corn
8929,skinless fish
8930,round natural gouda cheese
8931,chili rojo oil
8932,moist mincemeat
8933,boneless rump roast
8934,cream potatoes
8935,mint oil
8936,progresso italian bread crumbs
8937,sweet yellow bell pepper
8938,of kraut
8939,tender celery
8940,coon cheese
8941,mandarin orange
8942,shaved turkey
8943,favorite stuffing mix
8944,buttered fresh bread crumbs
8945,spiral pasta noodles
8946,salsa pequin
8947,remaining
8948,light italian dressing
8949,glazed candied lemon rinds
8950,buttered sourdough bread
8951,seedless green
8952,orange halves
8953,stove top stuffing for chicken
8954,sharp mustard
8955,uncooked lean ground beef
8956,dill chips
8957,corn niblets
8958,philadelphia
8959,mini lasagna noodles
8960,gun
8961,lots of ammo
8962,luck
8963,buck
8964,quahog clams
8965,thin white sauce
8966,whoppers
8967,mixed grated cheddar
8968,warm bacon
8969,garden style pasta sauce
8970,fryer parts
8971,recipe cornbread
8972,veal chops
8973,brand cheese
8974,adluh
8975,hidden valley buttermilk salad dressing mix
8976,calorie whipped topping
8977,cherry flavor
8978,thin sandwich ham
8979,red pears
8980,lemon rind curls
8981,unsalted popped popcorn
8982,gallon tea base
8983,fresh cream-style
8984,betty crocker gingerbread mix
8985,roll cheesy
8986,cookie roll
8987,lemonade syrup
8988,shoe pig
8989,fresh style green beans
8990,hambone
8991,dressing mix croutons
8992,cream of either celery
8993,egg roll wraps
8994,leaven
8995,rib roast
8996,au
8997,cream recipe
8998,frozen fruit pulp
8999,green olive
9000,container smoke flavored cheddar
9001,pineapple supreme cake mix
9002,ragu chunky
9003,cashew cheese
9004,assortment of beans
9005,instant sugar
9006,sweet whipping cream
9007,non-fat dry milk
9008,banana supreme cake mix
9009,apple cinnamon
9010,cocktail rolls
9011,herb crumbs
9012,rosemary sprigs
9013,fresh collard greens
9014,fresh dates
9015,sweet purple
9016,caramel chips
9017,bisque of tomato
9018,portion beef
9019,white cream
9020,shaved chocolate
9021,fillets of mackerel
9022,plain yoghurt
9023,cinnamon/sugar
9024,moose
9025,rf garden spirals
9026,crabmeat with liquid
9027,cake glaze
9028,vacuum-pack
9029,glass pimento cheese
9030,low-fat velveeta
9031,refrigerated marie's
9032,of ice cream
9033,ground raw carrots
9034,japanese vinegar
9035,lime soda
9036,stenia powder
9037,roast beef
9038,cheap chocolate chips
9039,duncan hines cherry
9040,cold strawberries
9041,baby red
9042,bake mix
9043,thin slice
9044,sugar-free black cherry jell-o
9045,kielbasi
9046,'s choice
9047,'s special recipe chili
9048,curly carrots
9049,pepperoni cubes
9050,broccoli florets from
9051,italian style salad dressing
9052,cooking onion
9053,chicken juice
9054,southern-style hash browns
9055,veggie rotini
9056,frozen vegetable medley
9057,soft cream cheese
9058,sesame milk
9059,fiber cereal
9060,semi sweet mini
9061,containers cream cheese
9062,yellow crookneck squash
9063,fresh pizza dough
9064,shredded pasteurized process
9065,brown karo syrup
9066,hydrox chocolate
9067,orange-cranberry relish
9068,campbell's broccoli cheese soup
9069,hot cooked fettuccine
9070,buttery ritz crackers
9071,fruit punch jello
9072,must
9073,powdered orange flavor
9074,lorna doone cookies
9075,vegetable medley
9076,creole sauce
9077,triscuits wafers
9078,chocolate covered raisins
9079,berry schnapps
9080,use angel
9081,cubed lean
9082,almond delight
9083,sweet bread
9084,rack lean pork spareribs
9085,ground pretzels
9086,fresh pine nuts
9087,sweet bing cherries
9088,candied fruits
9089,fruit filling
9090,blackened seasoning
9091,raisin pie filling
9092,honey mustard
9093,coconut/pecan
9094,yellow two-egg
9095,favorite fruit-
9096,strawberry banana
9097,banana liqueur
9098,freshly cooked corn
9099,corned beef slices
9100,loose packed frozen hash brown potatoes
9101,dry soup mix
9102,sesame tahini
9103,choplets
9104,steak seasoning salt
9105,pizza roll
9106,grainy mustard
9107,welch's white grape juice
9108,shad
9109,lobster meat
9110,babbling brook
9111,nippy cheese
9112,lecithin granules
9113,hidden valley buttermilk
9114,seasoned stuffing mix
9115,green and
9116,letter
9117,festive candies
9118,caramel popcorn
9119,orange sorbet
9120,maypo
9121,club cracker crumbs
9122,cran-raspberry juice
9123,white stone-ground cornmeal
9124,white tepary beans
9125,whole wheat kernels
9126,cooked beets
9127,smashed ripe banana pulp
9128,bits of ham
9129,lemon sherbet
9130,carbonated grapefruit drink
9131,fresh leaf lettuce
9132,bagelettes
9133,shots whiskey
9134,special sauce
9135,vegetable water
9136,whole wheat pie crust
9137,medium-firm tofu
9138,liquid smoke seasoning
9139,beaten yolk
9140,oregano seasoning
9141,marmalade
9142,red gelatin
9143,grapes leaves
9144,frozen cod
9145,chunky fruit salad
9146,cheddar cheese squares
9147,brick cheese
9148,tomato chilies
9149,frozen cooked shrimp
9150,treet meat
9151,tangerines
9152,red hot candy
9153,green ortega chili peppers
9154,table cream
9155,chicken-flavored stock base
9156,creamy style peanut butter
9157,low-fat condensed milk
9158,white karo syrup-full+
9159,iceberg lettuce
9160,brown spicy mustard
9161,children's water
9162,brownberry
9163,miracle whip salad dressing
9164,blend
9165,bisquick biscuit mix
9166,ground yuban coffee
9167,proof
9168,loaves rye bread
9169,#NAME?
9170,ready-to-
9171,chilli sauce
9172,ham steak
9173,additional paprika
9174,hot chiles
9175,avoset
9176,clown
9177,sugar-fee vanilla pudding made
9178,bottle cherries
9179,mixed lean meat
9180,white confection baking
9181,brownie mix plus ingredients
9182,celery sale
9183,brown sugars
9184,tomato ro
9185,lesueur small
9186,white wafer chocolate
9187,blanched finely ground almonds
9188,turkey smoked sausage
9189,lean ground sirloin
9190,ground ginger root
9191,rounding
9192,jell-o instant lemon pudding
9193,cherry frosting
9194,cold milnot
9195,italian reduced calorie dressing
9196,diameter
9197,dirt scoop
9198,juliette
9199,any kind nuts
9200,capful anise
9201,chilly
9202,fresh frozen coconut
9203,gator
9204,your own favorite
9205,focaccia herb topping
9206,been consomme
9207,tarragon flakes
9208,fresh rhubarb
9209,leftover pork
9210,leftover cooked
9211,leftover gravy
9212,corn muffin mix
9213,mrs. grass onion soup mix
9214,fresh mushroom caps
9215,jar cheese whiz
9216,cans clams
9217,fresh coriander leaves
9218,spiral shells
9219,fresh meat
9220,chop suey sauce
9221,chop suey bean sprouts
9222,fresh veggies
9223,peas/carrots
9224,ground beef round
9225,lemonade drink
9226,bone
9227,mixed dough
9228,corn muffins
9229,powdered instant nondairy creamer
9230,pusser's rum
9231,sugar +
9232,ripe blackberries
9233,scraps
9234,shredded kale
9235,graham cracker filling
9236,wheaties cereal
9237,candied
9238,fresh wax beans
9239,chipped ham
9240,raspberry flavoring
9241,vegetarian red beans
9242,ham bits
9243,food sweetener
9244,lamb loin chops
9245,creme of coconut
9246,ground lemon rind
9247,pack dried onion soup
9248,unsulphured molasses
9249,hickory liquid smoke
9250,cold salad oil
9251,dashes gake
9252,vegetable dip mix
9253,duncan hines bakery style cinnamon
9254,sherry wine flavoring
9255,candied citrons
9256,frozen grapefruit juice
9257,liters
9258,chunky sirloin burger soup
9259,dark red cherries
9260,low-fat smoked sausage
9261,chicken breasts with
9262,halved sweet green grapes
9263,cream style cottage cheese
9264,cranberry juice concentrate
9265,with nutrasweet
9266,very ripe avocados
9267,doubled cream
9268,meal tortillas
9269,fresh yellow squash
9270,raisin crisp cereal
9271,broken lettuce
9272,spiral macaroni
9273,turkey tenderloins
9274,hush puppy mix
9275,flavor enhancer
9276,skins
9277,very soft orange sherbet
9278,southern comfort
9279,hawaiian chili peppers
9280,whole hawaiian chili peppers
9281,fritos corn chips
9282,chunky-style peanut butter
9283,assorted fruits
9284,herb rice
9285,white chunky chicken
9286,doritos taco
9287,deer ham
9288,deer shoulder
9289,italian season
9290,jumbo eggs
9291,bouillon granules
9292,pizza spices
9293,celery ribs
9294,envelopes
9295,walnut kernels
9296,thin slices deli ham
9297,ramen chicken noodles
9298,cracker wheat
9299,tart jelly
9300,green chillis
9301,fully cooked ground ham
9302,rich round crackers
9303,molasses beans
9304,corn-drained
9305,hot white sauce
9306,creme de coconut
9307,its
9308,same amount
9309,crme de cacao liqueur
9310,crisp ladyfingers
9311,bittersweet
9312,campbell's bean
9313,extra lean
9314,fresh snap beans
9315,boneless beef shoulder steak
9316,chachere's
9317,tortillas chips
9318,mixes
9319,chili mix seasoning
9320,ground pecan nuts
9321,red salad potatoes
9322,imitation vanilla
9323,ro-tel dried tomatoes
9324,fillet
9325,teriyaki marinade
9326,portabella mushroom
9327,balsamic vinegar dressing
9328,ginger ale pop
9329,banana sweet peppers
9330,country-style pork spareribs
9331,butter milk
9332,red grape halves
9333,cheese flavored
9334,chocolate chip instant pudding
9335,thin crackers
9336,corn per
9337,instant garlic
9338,beet liquid
9339,spicy-brown mustard
9340,dessert cups
9341,pitas
9342,frozen macaroni
9343,vienna sausage
9344,lemon flavored instant pudding
9345,victoria taco
9346,drops of milk
9347,frozen king crab
9348,spirits
9349,swedish lingonberries
9350,rum sauce
9351,brandy sauce
9352,popping oil
9353,bacardi
9354,spicy sauce
9355,sweetness
9356,stripes
9357,turkey breast halves
9358,panang
9359,seasoning sauce
9360,garlic chili pepper sauce
9361,recipe pie pastry
9362,frozen yogurt
9363,crescents rolls
9364,chili with beef
9365,puttin
9366,red plum
9367,ramen chicken soup
9368,asian
9369,cream of chicken soup or cream of chicken
9370,orange cranberry relish
9371,pasta noodles
9372,coloring to match
9373,bright red corn cobs
9374,family size cream of chicken soup
9375,broth from where chicken
9376,promise
9377,tomato special
9378,calaunite chili style beans
9379,w beans
9380,oriental pea pods
9381,frozen haddock
9382,liquid hickory smoke
9383,buttered coarse bread crumbs
9384,zucchinis
9385,mixed baby greens
9386,cream-filled
9387,egg flake noodles
9388,spaghetti sauce seasoning
9389,brick vermont
9390,beef bouillon stock
9391,camel
9392,frozen southern style hash brown potatoes
9393,egg substitute equal
9394,d&c fried onions
9395,squirrel broth
9396,grape fruit sections
9397,sweet orange marmalade
9398,mashed firm bananas
9399,skinny zucchini
9400,ground dry mustard
9401,oriental noodles
9402,sweet sue chicken broth
9403,roll owens
9404,regular crisco
9405,state
9406,betty crocker fluffy white frosting mix
9407,almond seasoning
9408,beef shortribs
9409,hot cooked green beans
9410,beef mushroom soup
9411,fresh chili peppers
9412,frozen yeast rolls
9413,realemon juice concentrate
9414,redskin potatoes
9415,tomato with
9416,natural soy sauce
9417,sense of humor
9418,teasing
9419,spunk
9420,tempers
9421,house dressing
9422,petite frozen peas
9423,long spiral lemon peel
9424,boneless skinned chicken
9425,colored tempra
9426,stale beer
9427,brown lentils
9428,hard crabs
9429,wafer-thin
9430,grill mates
9431,lancashire cheese
9432,bluing
9433,blue cheese dressing
9434,cheese triangles
9435,bran cereal buds
9436,liberal amounts
9437,dark creme
9438,ladyfinger cookies
9439,buckwheat flour
9440,fruit juicy red hawaiian
9441,lemon-limeade
9442,whole wheat blend flour
9443,long green chilies
9444,hormel crumbled bacon
9445,worthington choplets
9446,brown seasoning
9447,beef ribs from standing
9448,cranberry ice cocktail
9449,parley flakes
9450,condensed sweet milk
9451,fresh beef brisket
9452,lightly cooked cabbage
9453,buttermilk dip mix
9454,orange flavored breakfast
9455,any pie filling
9456,campbell's chicken rice soup
9457,packets beef bouillon
9458,bunches garlic
9459,fifth amaretto
9460,boiling hot water
9461,noniodized salt
9462,hawaiian pineapple
9463,wright's hickory smoke
9464,glasses warm water
9465,unsweetened cream
9466,mashed ripened bananas
9467,hot bulk pork sausage
9468,light oleo
9469,light velveeta cheese
9470,frozen unbaked pie shells
9471,chip beef
9472,queen ann cherries
9473,orange flavored hard
9474,italian mixed herbs
9475,greetings
9476,smiles
9477,handshake
9478,hospitality
9479,powdered ranch dressing mix
9480,barley flour
9481,sugar-free vanilla
9482,multi-colored nonpareils
9483,italian tomato
9484,tyson
9485,favorite spices
9486,strawberrys
9487,chickpes
9488,brown flour
9489,emmenthaler cheese
9490,packets instant beef broth
9491,low-fat healthy choice mozzarella cheese
9492,low-fat healthy choice cheddar cheese
9493,beef chunks
9494,sour buttermilk
9495,semi-sweet chocolate ships
9496,beef soup
9497,sausage drippings
9498,apricot junior baby
9499,vanilla crumbs
9500,shredded chinese cabbage
9501,tarragon white wine vinegar
9502,cornflakes crumbs
9503,dorito chips
9504,cooked wheat
9505,sugar free vanilla instant pudding
9506,bell seasoning
9507,blue sky
9508,dogs
9509,hot sun
9510,cholesterol cheese
9511,jalapeno pepper cheese
9512,bread crumbs-soft
9513,hot creamed potatoes
9514,instant banana pudding mix
9515,stewing
9516,chinese mushroom
9517,cheesecake mix
9518,sweet salad pickle cubes
9519,cubes velveeta
9520,knudson
9521,instant vanilla flavor
9522,boneless thighs
9523,light fruit pectin
9524,vanilla-butter
9525,cubed monterey
9526,cold strong tea
9527,locatelli cheese
9528,your favorite chocolate cake
9529,sludge
9530,chocolate liqueur
9531,apricot filling
9532,caesar salad dressing
9533,lump sugar
9534,non-nutritive
9535,mexican cornbread
9536,regular grated cheese
9537,chicken breast tenders
9538,spaghetti noodles
9539,regular-flavor
9540,jusked
9541,boneless pork chops
9542,chicken breast strips
9543,frozen chopped
9544,ground hazelnuts
9545,mint flavored semi-sweet chocolate
9546,lump oleo
9547,golden seedless raisins
9548,additional whipped topping
9549,campbell's beefy
9550,jello vanilla pudding
9551,good whitefish
9552,whole wheat lasagna noodles
9553,contrast lettuce
9554,taco season
9555,salsa style stewed
9556,chopped chinese parsley
9557,cured ham hocks
9558,pattie shells
9559,whole mustard
9560,boneless pork butt
9561,european style
9562,carob
9563,fresh horseradish
9564,orange peeling
9565,torn italian parsley
9566,lite beef
9567,powdered skimmed milk
9568,uncooked seashell macaroni
9569,lean stewing meat beef
9570,crumbly
9571,black-eyed
9572,cold cubed
9573,floor
9574,hot rolls
9575,giant lima beans
9576,milk solids
9577,drops red hot pepper
9578,light chicken
9579,baby onions
9580,hot meat
9581,kitchen-klatter
9582,marjoram flakes
9583,fajita seasoning
9584,instant vanilla sugar
9585,fresh butter beans
9586,cheeses
9587,boric acid
9588,golden pound cake mix
9589,apple juice brandy
9590,commercial oil
9591,fruit cocktails
9592,light soy sauce
9593,regular pudding
9594,mixed greens
9595,dressing of choice
9596,loose black tea leaves
9597,ready-
9598,pork medallions
9599,powdered lemonade
9600,leaf thyme
9601,crushed wheaties
9602,instant jello mix
9603,bite-size
9604,orange concentrate
9605,tomato roses
9606,additional walnuts
9607,brut champagne
9608,inches
9609,egg mix
9610,fresh ham
9611,crumbled cracker crumbs
9612,enchilada mix
9613,canadian whiskey
9614,marinating sauce
9615,hidden valley buttermilk salad dressing
9616,cream of mushroom souop
9617,chili seasoning envelope
9618,stack pack
9619,dill pickle vinegar
9620,liquid sugar
9621,regular apricot
9622,zwieback crackers
9623,cream-filled chocolate sandwich cookie crumbs
9624,myeon
9625,sesame powder
9626,zest of fresh lemon
9627,aig
9628,confectioners sugah
9629,condiments
9630,worthington
9631,imitation coconut
9632,red wine tarragon vinegar
9633,italian-flavored dry bread crumbs
9634,pumpkin pie
9635,crystal lemonade
9636,icing sugar
9637,vanilla custard powder
9638,chicken soup supplement
9639,italian tomato sauce
9640,hi-energy chocolate supplement
9641,chocolate drink
9642,turkey breast meat
9643,lite fruit cocktail
9644,bryers apricot preserves
9645,lemon halves
9646,hidden valley party dip
9647,granules
9648,handful raisins
9649,gherkin pickles
9650,fresh pork sausage links
9651,sourcream
9652,chocolate cookie wafers
9653,ham halks
9654,celery tops
9655,dry red wine
9656,wylers
9657,chunky chili with
9658,cheddar/colby shredded cheese
9659,lime flavored artificially
9660,washed blackberries
9661,containers buttermilk
9662,golden broth
9663,california ros
9664,regular zucchini
9665,soy chicken
9666,sweet wine
9667,gebhardt chili powder
9668,chicken vegetable soup
9669,brown rice syrup
9670,bite-size shrimp
9671,whole kernel white corn
9672,vegetable liquor
9673,roll jalapeno cheese
9674,batch italian tomato sauce
9675,blend cheese
9676,caramel cake mix
9677,equal sweetener
9678,equal measure
9679,light cooking oil
9680,toasted rye bread crumbs
9681,seeded grapes
9682,hot wine sauce
9683,charcoal briquettes
9684,ginger snaps
9685,black label bacon
9686,lots of fresh thyme
9687,condensed consomme
9688,fresh cooked shrimp
9689,couple scoops ice cream
9690,chunky tomatoes
9691,low-fat cornbread mix
9692,italian-flavored breadcrumbs
9693,soup beef bone
9694,amount of oil
9695,country cured ham
9696,cinnamon bread
9697,chili without beans
9698,ample
9699,colored cheese tortellini
9700,kalamata olives
9701,uncooked white kidney beans
9702,ditalini
9703,cherish
9704,slivered red onion
9705,nestea
9706,fresh cooked rice
9707,raspberry juice
9708,peppered soft spreadable cheese
9709,break
9710,nacho cheese campbell
9711,cheddar cheese campbell
9712,chocolate fudge sauce
9713,very ripe tomatoes
9714,frozen zucchini
9715,carton strawberries
9716,hi-energy
9717,broccoli tops only
9718,root beer soda
9719,red shoestring licorice
9720,chilie peppers
9721,peeled cucumbers
9722,cavenders
9723,olive oi
9724,bac*os chips
9725,fresh portobello mushrooms
9726,soy and
9727,vegi salt
9728,frozen ocean perch
9729,short grain brown rice
9730,type meat
9731,red potato
9732,solution
9733,manicotti noodles
9734,unsifted rye flour
9735,roll mild pork sausage
9736,turkey chunks
9737,bottles red cake coloring
9738,apple filling
9739,white lily self-rising
9740,beef round bottom
9741,egg yellows
9742,bread topping
9743,back grease
9744,vanilla instant breakfast
9745,sat
9746,horseradish cream
9747,dill pickle relish
9748,liquid seven
9749,ivory liquid
9750,powdered chicken base
9751,pie spice
9752,plus sugar
9753,almond essence
9754,instant orange drink
9755,pineapple jello
9756,bits
9757,orange slices candy
9758,pork burger
9759,speared broccoli
9760,packets active dry yeast
9761,hot monterrey jack cheese
9762,jar cheese spread
9763,fresh bell pepper
9764,jif extra crunchy
9765,hot cooked potatoes
9766,regular-size unbaked pie shells
9767,beef cube
9768,turnip greens
9769,french salad dressing mix
9770,microwavable frozen fish
9771,hostess twinkies
9772,orange drinks
9773,frozen whipped topping thawed
9774,tator
9775,low-fat ham
9776,romano tomatoes
9777,beef soup starter
9778,roll pie pastry
9779,hot green peppers
9780,enough vinegar
9781,pats
9782,nonfat cheese
9783,low-fat cream of mushroom soup
9784,white shoepeg
9785,saffola oil
9786,extra egg
9787,enough lettuce
9788,frozen o'brien potatoes
9789,acceptable margarine
9790,ring bologna
9791,lemon slices studded
9792,beef stew seasoning mix
9793,mixed allspice
9794,milk substitute
9795,flake crumbs
9796,commercial reduced-calorie
9797,lemon rind strips
9798,nonfat refried beans
9799,chocolate fudge supreme frosting
9800,regular size jello
9801,tater tot potatoes
9802,peeled crawfish
9803,unsalted saltines
9804,ortego salsa
9805,thank you strawberry
9806,grasshopper
9807,restaurant style tortilla chips
9808,dish unbaked pie shells
9809,vanilla tapioca pudding
9810,orange flavored liqueur
9811,butter golden cake mix
9812,liquid non-calorie
9813,vegetable bouillon granules
9814,accent flavor
9815,chocolate flavored candy coating
9816,cord
9817,dipping chips
9818,blair ground nutmeg
9819,blair butter
9820,blair almond
9821,veal loin chops
9822,liquid gravy seasoning
9823,fresh kielbasa
9824,fresh sauerkraut
9825,gravy master
9826,dry riesling
9827,tail
9828,strawberry danish
9829,california style garlic
9830,zest of
9831,radicchio
9832,endives
9833,fresh tuna
9834,mixed candied fruits
9835,r&f noodles
9836,added also
9837,tropical punch
9838,frozen oriental vegetable medley
9839,canape shells
9840,child
9841,vermouth
9842,water noodles
9843,regular starch
9844,talcum powder for preservative
9845,sweet marjoram
9846,crab legs
9847,muscatel wine
9848,sesame-sour cream sauce
9849,mccormicks chili seasoning
9850,unida bisquit
9851,liquid peppermint
9852,turkey breast tenderloins
9853,beef flavored bouillon
9854,hi-energy chicken soup
9855,ramen beef
9856,mixed unsalted nuts
9857,standard pie crust
9858,fresh squeezed lime juice
9859,head spinach
9860,regular boxes raspberry jello
9861,tillamook cheese
9862,toasted walnut
9863,game hen per
9864,'s tenderizer
9865,amounts of cornmeal
9866,campbell's condensed cheese soup
9867,purple grape bunches
9868,wish-bone dressing
9869,corn shucks
9870,cream of soup
9871,layer potatoes
9872,red color
9873,rotelle noodles
9874,batch homemade noodles
9875,low-fat cream of celery soup
9876,low-fat noodles
9877,sweet india relish
9878,partially fried bacon
9879,berry cranberries
9880,would
9881,equal amount water
9882,mix vegetables
9883,cream of potatoes soup
9884,mixed sweet pickle
9885,recipe pimento mushroom sauce
9886,pitted ripe olive slices
9887,watchers chocolate
9888,bit-o-brittal
9889,ground parsley
9890,graham crusts
9891,pastel cream mint kisses
9892,beef soup bones
9893,chunky pasta
9894,young sweet peas
9895,ground bay leaf
9896,bone stock
9897,clean clams
9898,fatback meat
9899,butter-margarine
9900,coffee brandy
9901,chunky chicken
9902,apache
9903,powdered sugar substitute
9904,vegetarian beans
9905,jell-o instant chocolate pudding mix
9906,knorr
9907,chunk cheese
9908,low-salt bacon
9909,folded refrigerator pie crust
9910,box shells pasta
9911,broiler - fryer chicken
9912,lite catsup
9913,rolled nuts
9914,beet liquid from
9915,grains pepper
9916,coriander leaves
9917,liquid crystal
9918,cream of coconut juice
9919,short grain
9920,grated italian
9921,shoestring beets
9922,loaves white bread
9923,whole nut meats
9924,unsalted whipped butter
9925,chocolate-mint ice cream
9926,cream frosting
9927,chocolate-mint sauce
9928,bottles seven seas
9929,red jam
9930,piquant sauce
9931,warm apricot
9932,pan gravy
9933,broiler-fryer chicken pieces
9934,stalk of celery
9935,fresh made sugar
9936,grouse breast
9937,level flour
9938,cans apricots
9939,pork spare ribs
9940,chicken ala
9941,fresh goat cheese
9942,onion pastry
9943,frozen hash brown patties
9944,cherry-flavored gelatin
9945,white part only orange rind
9946,candied flowers
9947,whole wheat breadcrumbs
9948,hot chili
9949,mayonaise
9950,packets sweetener
9951,lump backfin crabmeat
9952,virgo seasoning
9953,mulberries
9954,light color fish
9955,white butter
9956,shredded cheeses
9957,dry navy
9958,fruit juice concentrate
9959,italian plum
9960,saffron threads
9961,regular rotini
9962,orange pepper
9963,candy
9964,red crystal sugar
9965,amount of garlic salt
9966,cream maker
9967,amount nutmeg
9968,mustard sauce
9969,frozen soup mix
9970,firm ripe cantaloupe
9971,liquid sweeta
9972,green grape halves
9973,apricot nectarine juice
9974,cooking juice
9975,veal shank cross cuts
9976,leafy lettuce
9977,pineapple yogurt
9978,caps vanilla
9979,medium apples
9980,fajitas
9981,cucumber dressing
9982,jello pineapple
9983,beef soup powder
9984,amount tabasco
9985,squirt of lemon juice
9986,chocolate-covered toffee
9987,whole berry
9988,lean bulk pork sausage
9989,shredded colby
9990,granulated gelatin
9991,powdered vegetable broth
9992,powdered kelp
9993,betty crocker potato
9994,fenugreek
9995,mole paste
9996,reserved broth
9997,jar rosarita hot picante sauce
9998,brick chili
9999,sweet rhubarb
10000,halved cherries
10001,pear-shaped
10002,chili garlic
10003,cappelini
10004,chocolate duncan
10005,white bread slice
10006,chuck beef
10007,lemon flavored artificially
10008,green peppern
10009,cauliflowerettes
10010,creamed cheese
10011,regular white bread
10012,blackwell mincemeat
10013,light colored caramels
10014,#NAME?
10015,liquid sugar substitute
10016,frozen loosely packed hash brown potatoes
10017,wax green beans
10018,container raspberry frozen yogurt
10019,container vanilla
10020,non-fat
10021,ground smoked turkey
10022,cream sandwiches
10023,chocolate whipped light cream
10024,swiss rolls
10025,pumpkin spices
10026,jalepeno peppers
10027,turtle meat
10028,cabbage coleslaw
10029,chocolate covered mint patties
10030,parmesan grated cheese
10031,mashed irish potatoes
10032,cartons whipped topping
10033,orange butter
10034,tomato pieces
10035,white cooking chocolate
10036,sponge cake dessert shells
10037,polyunsaturated oil
10038,flavorless oil
10039,beef ribs
10040,bean paste
10041,ham shanks
10042,lewis lye
10043,chicken cream soup
10044,cream of celery soup or cream of mushroom soup
10045,lemon chiffon cake mix
10046,red sherbet
10047,extra confectioners sugar
10048,white dinner roll dough
10049,liquid tempera paints
10050,wild raspberry dressing
10051,hidden valley buttermilk dressing mix
10052,condensed creamy
10053,black bean soup
10054,pasta-ready
10055,thins strips roasted red peppers
10056,ginger/garlic
10057,cardamom pods
10058,shah zeera
10059,additional fruit
10060,unsalted cashews
10061,rack of spareribs
10062,rolls chocolate chip cookies
10063,ruby red cherry sauce
10064,italian chopped plum tomatoes
10065,sweet pitted dark cherries
10066,cranberry jellied sauce
10067,turkey strips
10068,golden harvest oat bran
10069,graham cracker crumb pie crust
10070,lean pork shoulder
10071,purple eggplant
10072,low-fat oil
10073,mixed broccoli
10074,egg yolkless noodles
10075,corn oil oleo
10076,nutra sweet
10077,extra margarine
10078,clear plastic lids
10079,permanent markers
10080,green sliced pepper
10081,white dry great northern beans
10082,corn cereal
10083,pineapple cream cheese
10084,instant yuban coffee
10085,test lye
10086,sausage smokies
10087,low-sodium beef broth
10088,gerber's zwieback
10089,pork smoked sausage
10090,extra sharp cheddar
10091,isopropyl rubbing alcohol
10092,raspberry punch
10093,rice bran
10094,apple fiber
10095,thin strips jack cheese
10096,thin strips velveeta
10097,hypower tamales
10098,lamagna feta
10099,want of parmesan cheese
10100,recipe secrets herb with garlic soup mix
10101,handful bread crumbs
10102,whole green onions
10103,worchestershire sauce
10104,rice shell
10105,instant yeast
10106,good red wine
10107,bugles original flavor
10108,cream of mushroom casserole
10109,honey ham spread
10110,cupcake liners
10111,wilderness peach
10112,serrano
10113,freshly ground
10114,speck of cream of tartar
10115,stove top for chicken
10116,cartons strawberries
10117,brownies
10118,green cream
10119,deer roast without bone
10120,mozzarella cheese sticks
10121,sweet-n
10122,unsweetened fruit liquid
10123,cream of chicken soup and cream of mushroom soup
10124,serrano chile peppers
10125,salad onion
10126,non-fat yogurt
10127,deli turkey
10128,soft wheat
10129,praline pecan
10130,cran-orange
10131,shredded cracker barrel sharp
10132,pouch certo
10133,breakstones sour cream
10134,instant creamer
10135,coconut-pecan frosting
10136,spice rum
10137,gallon cider
10138,purple plums
10139,bar mix
10140,stella d'oro anginetti cookies
10141,white lump crab meat
10142,mahatma extra
10143,thin spaghetti cooked
10144,vanilla pudding pie mix
10145,cold biscuits
10146,burritos
10147,comet long cooking rice
10148,batter
10149,savoy cabbage
10150,regular size tea bags
10151,chipped apples
10152,env
10153,fresh ripe tomatoes
10154,salsa seasoning
10155,lamb shank
10156,drops black walnut flavoring
10157,process cheese spread
10158,raspberry-flavored gelatin
10159,dry grits
10160,warm coffee
10161,frozen baby peas
10162,cooked shells
10163,pork link sausage
10164,slightly cooked carrots
10165,sweet turkey sausage
10166,ground up pecans
10167,chunky
10168,handful of grapes
10169,egg water
10170,twist macaroni
10171,short biscuit crust
10172,codfish fillets
10173,lime juice from concentrate
10174,dried soup beans
10175,poi
10176,bags california blend
10177,ham juice
10178,ranchers
10179,deli coleslaw
10180,wilderness cherry filling
10181,.milk
10182,coarse soft bread crumbs
10183,thin strips
10184,turkey quarters
10185,loin pork roast
10186,flour shells
10187,favorite liqueur
10188,lean ground round
10189,red devil
10190,regular enchilada sauce
10191,mochiko
10192,sour sliced hamburger pickles
10193,powdered sugar frosting
10194,icing
10195,hoagie rolls
10196,liquid dish detergent
10197,liquid sudsy ammonia
10198,isopropyl alcohol
10199,cherry bites
10200,lime flavored jello
10201,herb stuffing cubes
10202,condensed soup
10203,chilled apricot nectar
10204,frozen chuck wagon corn
10205,hoagies
10206,duncan hines fudge cake mix
10207,cannelloni
10208,lean round
10209,crushed wheat chex
10210,beef bottom round roast
10211,gratin
10212,shredded unpared zucchini
10213,cream of celery soup or cream of chicken soup
10214,semi-sweet dark chocolate
10215,catfish filets
10216,favorite kind
10217,cup-
10218,all spice
10219,tapioca jello pudding
10220,ground fresh green pepper
10221,ground jalapeno pepper
10222,handful of coconut
10223,celery cabbage
10224,frozen plain hash browns
10225,sweet pretenders
10226,herb gravy
10227,armour real bacon crumbles
10228,baby tapioca
10229,fresh raspberries and/or
10230,durkee
10231,hogs head
10232,seedless raisins
10233,meat broth
10234,weenies
10235,soy or
10236,pollack
10237,cheddar crackers
10238,fresh lump
10239,chervil leaves
10240,instant coconut
10241,semi-sweet chocolate chip morsels
10242,kosher style salt
10243,very soft butter
10244,cajun injector
10245,sweet italian style turkey
10246,chocolate sheet cake
10247,jello pudding
10248,whole kernel
10249,pork-n
10250,cran-raspberry drink
10251,hop yeast
10252,california avocados
10253,cream style horseradish
10254,sweet sue
10255,rosmarino
10256,sugar-free vanilla pudding
10257,lite whip topping
10258,raspberry flavored ginger ale
10259,buttered corn flakes
10260,wild strawberry
10261,envelope certo
10262,creme soda
10263,beef flavored gravy
10264,turkey giblets
10265,cran-strawberry juice
10266,del monte freshcut tomatoes
10267,desired amount cinnamon
10268,tabasco and
10269,turkey neck
10270,pourtry seasoning
10271,sunflower oil
10272,apple snacks
10273,portabella mushrooms
10274,burgundy wine
10275,thin plastic drinking straws
10276,tomato soup mixed
10277,arrowroot starch
10278,michelles
10279,c.coconut
10280,boneless loin of pork
10281,jalapeno dip
10282,dried apples
10283,selection
10284,charity
10285,devotion
10286,back-strap
10287,beef sirloin tip roast
10288,carbonate
10289,sweet almonds
10290,hot salad oil
10291,candy corn
10292,black lemon pepper
10293,green leaf lettuce
10294,legume
10295,fresh cherry
10296,salad pickles
10297,speedy
10298,pea
10299,recipe secrets onion soup mix
10300,bran flakes cereal
10301,tahini paste
10302,low-sugar
10303,light corn oil
10304,pretzel nubs
10305,echalotte
10306,strawberry gel
10307,any red
10308,country style spareribs
10309,round cracker crumbs
10310,stalks green onion
10311,anaheim chili
10312,realime lime juice
10313,elderberries
10314,pastor
10315,beef flavored rice-a-roni
10316,dashi broth
10317,chocolate jello pudding
10318,live culture
10319,fillet of fish
10320,whole-berry
10321,liquid reserved syrup
10322,rotelle macaroni
10323,yorktown great northern beans
10324,pippin apple
10325,red corn cobs
10326,springs
10327,fresh key lime juice
10328,newman's own light italian dressing
10329,pastry squares
10330,decorative sugars
10331,sour crem
10332,italian vinaigrette dressing
10333,hormel black label bacon
10334,octopus
10335,cassari cheese
10336,sweet white wine
10337,milk regular
10338,flaky pastry
10339,holland rusks
10340,blade meat
10341,ham loaf
10342,brick monterey
10343,kumquats
10344,waffle syrup
10345,beef hot dogs
10346,sour cream pie crust
10347,shoestring beans
10348,season-all salt
10349,stack pkg
10350,fresh red pepper
10351,cracklin
10352,worthington chicken
10353,celery soup concentrate
10354,herb flavored stuffing
10355,cans applesauce
10356,hot buttered cooked rice
10357,frangelico
10358,orange pekoe
10359,candied yellow pineapple
10360,squares
10361,savory sauce
10362,semi-sweet chocolate baking chips
10363,vanilla cake frosting
10364,ortega
10365,strawberry jell-o gelatin
10366,lemon peels
10367,orange peels
10368,california vegetables
10369,fresh bulk pork sausage
10370,italian flat beans
10371,brown or white raisins
10372,flaky rice
10373,lemon flavor gelatin
10374,ranch style salad dressing
10375,clove sticks
10376,tubettini
10377,artificially sweetened orange gelatin
10378,unsulphered
10379,unpeeled almonds
10380,bar-b-q sauce
10381,pioneer mix
10382,new golden corn soup
10383,flavored stuffing mix
10384,scoops
10385,regular pie shell
10386,pour
10387,soy base
10388,shots brandy
10389,ranch style dressing mix
10390,warm cream
10391,non-fat dry milk powder
10392,o's
10393,vegetable combinations
10394,muffin half
10395,live crayfish
10396,pink grapefruit
10397,thin asparagus
10398,jello vanilla
10399,waffle batter
10400,zesty
10401,jiffy mix
10402,watchers cheese
10403,herbal pepperidge farm cubes
10404,jars red maraschino cherries
10405,sugar milk
10406,isin
10407,vanalla
10408,sprincles
10409,oyster liquor
10410,jello instant pudding mix
10411,luncheon pepperoni
10412,beef heart
10413,paddle
10414,hickory-flavored barbecue sauce
10415,gratin potatoes
10416,salmon liquid
10417,buttered buns
10418,turkey wieners
10419,pablano peppers
10420,dark chili powder
10421,balking soda
10422,frozen pillsbury cookies
10423,thin slices white bread
10424,bunches spinach
10425,cream of tomato
10426,cream of shrimp
10427,seeds
10428,cardini's original caesar dressing
10429,italian link sausage
10430,caramel apple coating mix
10431,fruit bits
10432,herb of your choice
10433,chocolate dream whip
10434,refrigerated breadsticks
10435,cocktail size smoked link sausages
10436,warm sour cream
10437,cutlets
10438,'s kidneys
10439,knorr swiss white sauce
10440,stove top dressing mix
10441,beef bouillon concentrate
10442,smuckers
10443,containing broccoli
10444,cinnamon hearts
10445,apple spices
10446,chunky old
10447,frozen fordhook limas
10448,bottled green goddess salad dressing
10449,lachoy sauce
10450,chunk bologna
10451,ground beef sirloin
10452,steak seasoning blend
10453,crusty rolls
10454,aple
10455,soyameat
10456,frozen chopped onions
10457,crescent refrigerator rolls
10458,cream of celery soup and cream of chicken soup
10459,packets yeast
10460,low-fat cooking spray
10461,citron fruit cake mix
10462,passion
10463,hormel tamales
10464,famous chili
10465,ground sesame seed oil
10466,frozen florentine
10467,chip steak
10468,torpedo rolls
10469,taco spice
10470,ro-tel chilies
10471,butter only
10472,tomatillos
10473,serrano chiles
10474,yellow apple
10475,unpeeled ripe pear
10476,blocks tofu
10477,white cabbage
10478,chicken-mushroom soup
10479,nonalcoholic grenadine syrup
10480,lemon peeling
10481,cheddar cheese snack
10482,fill rest
10483,dovenshire whiskey
10484,low-fat philadelphia cream cheese
10485,small shells
10486,strawberry muffin
10487,taco saue
10488,pasta ruffles
10489,raccoon
10490,buttered croutons
10491,caramel pecan frosting
10492,chicken broth cubes
10493,vinegar plus milk
10494,smoke flavoring
10495,finger rolls
10496,premade butter
10497,mustard-mayo
10498,vanilla custard
10499,pineapple-pink
10500,white ramps
10501,grated meat
10502,pints strawberries
10503,butcher shop
10504,ramen chicken
10505,buttermilk bicuits
10506,nondairy topping
10507,pork-n-beans
10508,drained crabmeat
10509,your favorite cream soup
10510,spice powder
10511,castlebury's barbecue pork
10512,softasilk cake
10513,unbreaded fish
10514,katakuri
10515,ro-tel tomato peppers
10516,apple cubes
10517,baby ribs
10518,stouffer's spinach
10519,regular corn
10520,dry white wine
10521,blair lemon flavoring
10522,jimmy dean sausage
10523,sweet strawberries
10524,diabetic chocolate
10525,dried lavender flowers
10526,basmari
10527,mediterranean seasoning
10528,white creamed corn
10529,powdered crackers
10530,crown
10531,koala
10532,frying pan
10533,orange jelly candy slices
10534,yellow corneal
10535,ready-mixed
10536,garam masala
10537,amount flour
10538,strawberry kiwi juice
10539,maraschino syrup
10540,bite-size halibut
10541,bite-size salmon
10542,filet of beef
10543,fresh snipped dill
10544,pistachio jello pudding
10545,pistachio gelatin
10546,yeast roll
10547,stir-fry with seasoning pkg. inside
10548,broccoli normandy
10549,cubed pasteurized process cheese
10550,chicken-flavored
10551,chocolate mint chips
10552,shoe string potatoes
10553,potato salad
10554,popcorn approximately
10555,lemon-lime drink
10556,italian-style spaghetti sauce mix
10557,anaheim chilies
10558,quick cook long grain
10559,frozen salad size shrimp
10560,wagon-wheel pasta
10561,bricks of cream cheese
10562,lamb sirloin chops
10563,confectioners
10564,condensed mushroom
10565,freshly squeezed lemon
10566,bottle ranch dressing
10567,pork loins
10568,light colored corn syrup
10569,dry red
10570,frozen strawberries with sugar
10571,chocolate icebox cookies
10572,line pan with
10573,chile with
10574,boneless pork spareribs
10575,pecan meat
10576,crumbled white/wheat bread
10577,nonfat sharp
10578,light cake
10579,light butter
10580,butterscotch baking chips
10581,low-fat ranch salad dressing mix
10582,baskets of fresh strawberries
10583,acini de pepe pasta
10584,chocolate baking squares
10585,non-dairy creamer
10586,old-
10587,buttermilk rolls
10588,bulgur
10589,pizza shell
10590,cornstarch mixed
10591,clear olive oil
10592,freshly chopped chives
10593,cuke
10594,fresh red cayenne chili pepper
10595,colored candies
10596,black almonds
10597,team borax
10598,celery juice
10599,nonstick coating spray
10600,steamed shrimp
10601,vegetable blend
10602,solid white
10603,pork bacon
10604,crushed cornflakes
10605,broccoli with cheese sauce
10606,low-cottage cheese
10607,kidney suet
10608,lemon ice cream
10609,gruyere
10610,gourmet powder
10611,lean ground turkey breasts
10612,whole wheat spaghetti
10613,giblet
10614,sour snitz
10615,campbell's beef broth bouillon
10616,dry northern white beans
10617,draft beer
10618,doritos cheese chips
10619,chocolate cake frosting
10620,later
10621,wilderness pumpkin
10622,frozen carrot coins
10623,ground rind
10624,full of vanilla
10625,cold cream
10626,whole chickens
10627,dried leaf marjoram
10628,tiny colored marshmallows
10629,lime custard style yogurt
10630,red gelatin dessert
10631,chicken broth of bouillon
10632,enough milk
10633,squares pie dough
10634,thawed lite
10635,whole raspberries
10636,instant sweet chocolate
10637,cheddar cheese soup base
10638,chocolate malt
10639,marshmallow miniatures
10640,savannah cinnamon
10641,boneless shoulder
10642,blossoms
10643,beef frankfurters
10644,onoin
10645,bunches curly endive
10646,styrofoam cone
10647,styrofoam square
10648,scramblers
10649,nut crust
10650,puffed wheat cereal
10651,stomach
10652,orange-flavored instant breakfast drink
10653,gummy fish
10654,vanilla sandwich cookies
10655,steamed rice
10656,topping mix
10657,carolina rice
10658,bagel
10659,red maraschino
10660,green maraschino
10661,blender mayonnaise
10662,ranch style dressing
10663,linguine macaroni
10664,dark cherry jello
10665,sprinkling of paprika
10666,sack onions
10667,extra lean hamburg
10668,cranberry whole
10669,water ground cornmeal
10670,florida orange peel
10671,florida orange juice
10672,florida red grapefruit
10673,stack buttered crackers
10674,brown butter
10675,firm apples
10676,barbecued beef
10677,extra sour cream
10678,open
10679,flavored chips
10680,petals
10681,limburger cheese
10682,syrup from maraschino cherries
10683,different chili powders
10684,beets from garden
10685,freshly squeezed tangerine juice
10686,broccoli stalks
10687,barley malt syrup
10688,ground cooked meat
10689,ground fresh apples
10690,fresh bunch tarragon
10691,refrigerator roll
10692,cranberry-raspberry juice concentrate
10693,frozen chocolate
10694,pet-ritz pie shell
10695,bean thread
10696,condensed golden mushroom
10697,chunk salami
10698,any whitefish
10699,long green
10700,cooking onions
10701,grated sweet chocolate
10702,fresh lettuce
10703,fresh onion rings
10704,pork tenderloin chops
10705,shin of beef
10706,marrowbone
10707,whole-kernel corn
10708,mixed cheese
10709,rolls refrigerator cookies
10710,sweet relish pickles
10711,sweet green bell pepper
10712,pepperoni pizza sauce
10713,bosco chocolate syrup
10714,jiggers whiskey
10715,frozen gumbo mix
10716,cabbage chunks
10717,chianti wine
10718,grandma's chili seasoning
10719,golden butter
10720,brand chili
10721,favorite cheese sauce
10722,bibb
10723,condensed cream mushroom soup
10724,pastries
10725,brownberry herb stuffing
10726,government cheese
10727,fajita sauce
10728,chicken soup base
10729,persimmon puree
10730,coating mix for
10731,cracklin's
10732,cherry topping
10733,liqueurs
10734,tubs cream cheese
10735,torn salad greens
10736,lobster sauce
10737,corned-beef brisket
10738,tops of green onions
10739,orange relish
10740,seasoned crumbs
10741,bottles andre
10742,hickory smoked bacon
10743,noodle sauce
10744,beef with onion soup mix
10745,containers skyline
10746,mozzarella and provolone cheese
10747,cream filling
10748,jello powder
10749,fresh whipped cream
10750,bowl italian
10751,tartacid berries
10752,drops almond flavoring
10753,frozen unbaked pie shell
10754,cork screw noodles
10755,hidden ranch
10756,very stiff
10757,ground peppers
10758,short grained rice
10759,coconut filling
10760,boxes jello gelatin
10761,cream of chicken soup or celery
10762,mostaccioli pasta
10763,hickory farms
10764,glugs
10765,sour ream
10766,wonton
10767,kids
10768,ground peanuts
10769,kosher dill pickle
10770,o'douhl beer
10771,durkee meat marinade
10772,. sauce
10773,something
10774,vanilla-flavored candy coating
10775,vital gluten flour
10776,tenderloin roast
10777,unbleached
10778,red wine vinaigrette
10779,california mix frozen vegetables
10780,ortega jalapenos
10781,bread crumbs for topping
10782,mandarin
10783,fresh basil sprigs
10784,lime flavored
10785,turkish coffee
10786,pack green onions
10787,southern comfort whiskey
10788,conf
10789,bake beans
10790,lesueur very young small peas
10791,sugah
10792,oil-cured black olives
10793,mornay sauce
10794,salad delight seasoning
10795,fresh grated lime peel
10796,beef shank
10797,long cooking rice
10798,favorite
10799,italian/cheddar cheese
10800,cut strawberries
10801,regular bread
10802,semi-sweet chocolate baking bars
10803,raspberry sauce
10804,italian sauce mix
10805,citrus juice
10806,cilantro sprigs
10807,avocado mix
10808,palma enchilada sauce
10809,frozen white shoe peg corn kernels
10810,no salt
10811,then
10812,graham cookies
10813,short-cut baby carrots
10814,wavered ham
10815,zuke
10816,fresh picked jalapenos
10817,powdered celery
10818,campbell's beans
10819,semi-sweet milk chocolate chips
10820,crisp real bacon bits
10821,root beer extract
10822,cold low fat
10823,warm commercial eggnog
10824,own toppings
10825,nuggets
10826,firm ripe pears
10827,squirts ketchup
10828,pepper vinegar
10829,sweet bananas peppers
10830,cracked wheat flour
10831,bell's stuffing
10832,buttered biscuits
10833,salad style
10834,cheap hamburg
10835,hickory smoke
10836,dry-curd cottage cheese
10837,head white cabbage
10838,cold evaporated milk
10839,eating apples
10840,grain pasta
10841,your favorite type coffee
10842,peeled cucumber
10843,almond icing
10844,lime jello powder
10845,party peanuts
10846,chocolate mint cookies
10847,unsalted pop corn
10848,curd cream
10849,red salad peppers
10850,whole new potatoes
10851,salted crackers
10852,soy bean flour
10853,uncle ben's brown rice
10854,salt cod
10855,yellow boxed cake mix
10856,mexene chili powder
10857,gingerroot
10858,sandwich spread mix
10859,chasui sauce
10860,cane
10861,home gravy
10862,sesame salt
10863,long grain and rice
10864,biscuit/baking mix
10865,red cherry juice
10866,boneless breast of chicken
10867,chunky stewed tomatoes
10868,olive ol
10869,speck of butter
10870,shredded dough
10871,uneeda crackers
10872,red tomato
10873,stove top chicken stuffing mix
10874,coffee flavor
10875,chocolate mousse
10876,thin slices of ham
10877,veal roast
10878,thyme flakes
10879,rosemary flakes
10880,premade
10881,rice-a-roni
10882,coconut shreds
10883,favorite yogurt
10884,bite size broccoli
10885,shredded alpine
10886,yard
10887,entenmann's
10888,jello chocolate
10889,more ale
10890,relish pickles
10891,powdered dry vegetable garden
10892,rolled rump
10893,imagination
10894,saifun
10895,liquid from meat
10896,wild blueberry muffin
10897,italian-style salad dressing
10898,borage
10899,tomatoes soup
10900,fish fillets per
10901,paste
10902,lasagna shells
10903,your own homemade sauce
10904,chunk ham
10905,chop sui vegetables
10906,chicken breast filets
10907,boneless skinless chicken
10908,fry sauce
10909,apple pie spice powder
10910,wish-bone zesty
10911,stouffer's frozen
10912,green chili strips and/or
10913,apricot flavored
10914,dry mincemeat
10915,corned beef round
10916,bake pie crust
10917,black whole peppercorns
10918,apple-cinnamon
10919,cold prepared mashed potatoes
10920,ro-tell
10921,drops red dye
10922,frozen chives
10923,sour sauce
10924,cascade
10925,clorox
10926,crisp salad greens
10927,pimento bits
10928,ham fat
10929,brickle bits
10930,floured soft tortillas
10931,boboli shell
10932,regular pie shells
10933,frozen seasoned pasta
10934,soft white bread crumbs
10935,recipe cheese topper
10936,campbell's condensed cream of broccoli soup
10937,red hearts
10938,jalapeno jelly
10939,horseradish jelly
10940,chicken flavored gravy base
10941,mixed dried herbs
10942,chocolate flavored confectioners coating
10943,couple good shakes of onion
10944,ham stuffing
10945,melba
10946,ronzoni rotini
10947,glossy finger
10948,frozen california mixed vegetables
10949,dry red dinner wine
10950,fresh buttered bread crumbs
10951,garden-fresh butter beans
10952,freezer bags
10953,sweet chocolate kisses
10954,filet herring
10955,queso cheese
10956,orange-flavored beverage mix
10957,mashed cooked carrots
10958,macaroni cheese
10959,ready bake buttermilk
10960,penna
10961,squirt pepper
10962,light crepes
10963,deluxe choice cheese
10964,broccoli in cheese sauce
10965,handful garlic
10966,old cheese
10967,rock lobster
10968,couple strips crispy bacon
10969,fluffy rice
10970,vegetable rice soup
10971,triscuit wafers
10972,turkey burgers
10973,head of lettuce
10974,t sugar
10975,precut smoke sausage
10976,jambalaya mix
10977,hot boiling water
10978,fresh white bread cubes
10979,mushroom crowns
10980,prepare mustard
10981,crisp rice
10982,stuffing shells
10983,milk chocolate kisses candies
10984,block
10985,portobello mushrooms
10986,granular sugar substitute
10987,lean chops
10988,reserved carrot water
10989,ground five pepper
10990,head of dill
10991,orange pieces
10992,low-fat dry milk
10993,solid white tuna
10994,old-fashioned rice
10995,regular german
10996,green green beans
10997,very sharp
10998,berry jam
10999,recipe salsa
11000,rings berks ring
11001,vanilla flavored instant pudding
11002,mostaccioli macaroni
11003,sprouted lentils
11004,twinkles
11005,la creme whipped topping
11006,garlic cheese dressing
11007,rice flakes
11008,kraut juice
11009,frozen white petite corn
11010,pineapple gelatin
11011,twister
11012,premade pie crust
11013,paw paw
11014,kitchen bouquet
11015,spice pepper
11016,hot dog relish
11017,frozen whipping topping
11018,bite size fritos
11019,cold stick oleo
11020,oat squares cereal
11021,ultra lean ground beef
11022,medium clams
11023,graham cracker crumb pie crusts
11024,light sesame oil
11025,whole cherries
11026,deer burger
11027,red/green peppers
11028,warabi
11029,shiofuku konbu
11030,kamaboko
11031,lite cake
11032,fully cooked
11033,fresh cracked pepper
11034,drops tabasco
11035,vegex
11036,shin beef
11037,mashed ripe peaches
11038,bite size chunks large
11039,melter butter
11040,desired meat filling
11041,fresh grated horseradish
11042,bunches leaf lettuce
11043,white sheet cake
11044,pineapple pudding
11045,bottom round
11046,: great northern
11047,golden vanilla
11048,rectangular slices cheddar cheese
11049,rice crisp cereal
11050,frozen chili
11051,lotion
11052,vera gel
11053,petroleum jelly
11054,liquid vitamin e drops
11055,packets unflavored gelatin
11056,cherry flavoring
11057,hot chili with beans
11058,watermelon preserves
11059,candied white pineapple
11060,candied red pineapple
11061,candied green pineapple
11062,borden salad dressing
11063,no stick cooking spray
11064,carnation instant milk
11065,chocolate cookie pie shell
11066,bottles red wine
11067,unpeeled red apple
11068,sirloin hamburger
11069,regular sour cream
11070,chuck pineapple
11071,rigatoni pasta
11072,fully ripe strawberries
11073,spirit
11074,tail meat
11075,hen broth
11076,lo-cal italian dressing
11077,whole brie cheese
11078,drinking wine
11079,jiggers creme
11080,chicken base seasoning
11081,cobbler yogurt
11082,bennetts chili sauce
11083,dry vanilla pudding mix
11084,buds
11085,fresh fettuccine noodles
11086,boneless turkey breast
11087,beef bacon
11088,hot sesame oil
11089,frozen peach
11090,pitted ripe olives
11091,spanish sausages
11092,sazan
11093,lots of paprika
11094,amount homemade
11095,red fish
11096,seasoned cracker crumbs
11097,ham juices
11098,other lettuce
11099,stick cracker barrel sharp cheese
11100,gelatin mix
11101,bunches spring onions
11102,peanut m&m
11103,refrigerator big buttermilk
11104,coarse walnuts
11105,nonfat powdered milk
11106,brown artificial sweetener
11107,whole wheat tortillas
11108,each monterrey jack
11109,cumin seasoning
11110,hi-energy chicken soup supplement
11111,chunky garden style sauce
11112,ladleful groundnut oil
11113,iron skillet
11114,light packed brown sugar
11115,green olive slices
11116,california sherry
11117,chocolate-covered
11118,watercress stems
11119,maleb
11120,powdered strawberry
11121,fresh grapefruit
11122,bix-mix
11123,spud flakes
11124,tricolor pasta rotini spirals
11125,julienne-cut red bell pepper
11126,julienne-cut zucchini
11127,combined juices
11128,pineapple cheese
11129,rolled beef
11130,freshly grated horseradish
11131,chunk style turkey
11132,jalapeno chile peppers
11133,cucumber cream sauce
11134,same equal amount regular milk
11135,baking power
11136,regular cucumbers
11137,fully cooked ham steak
11138,regular ranch dressing
11139,clam nectar
11140,semi chocolate bits
11141,chicken tamales
11142,cooking
11143,jalepeno pepper
11144,cook barley
11145,buttermilk original ranch
11146,knorr mixed vegetable soup
11147,lemon supreme mix
11148,amount of red pepper
11149,taco salad dressing
11150,butter cook pie shells
11151,campbell's onion soup
11152,carolina enriched rice
11153,quahogs
11154,apple spice
11155,boneless turkey
11156,pea pods
11157,instant onions
11158,pork country style ribs
11159,ground red cayenne pepper
11160,campbell's nacho cheese
11161,fruit sweetener
11162,low-fat neufchatel
11163,cake shortening
11164,shelled hazelnuts
11165,mayhaw
11166,fully ripe italian prune plums
11167,mixed peel
11168,joe mix
11169,diamonds
11170,grated velveeta
11171,chicken tender strips
11172,freshly picked leaf lettuce
11173,coconut instant pudding
11174,semi-sweet butterscotch chips
11175,gallon pineapple
11176,slithered
11177,bisquik mix
11178,herbed mustard
11179,bitter chocolate squares
11180,fresh green string beans
11181,cluster cereal
11182,pecan ice cream
11183,italian seasoned dry breadcrumbs
11184,cold brewed tea
11185,chilled raspberry
11186,shredded provolone
11187,calamansi
11188,frozen ground beef
11189,thawed fish
11190,gal applesauce
11191,gallon ice cream
11192,richardson's chocolate topping
11193,backstrap fillets
11194,sorghum syrup
11195,cheese sauce mix
11196,red hot cinnamon drops
11197,ouso
11198,dashes leaf basil
11199,patty
11200,frozen nondairy topping
11201,cocoa syrup
11202,strong black tea
11203,popsicle
11204,meat juice
11205,curd
11206,spanish nuts
11207,pineapple juice liquid
11208,loaves syrian bread
11209,rice cooking wine
11210,corn soup
11211,regular rolled oats
11212,bing sweet cherries
11213,fine burghul
11214,mexican spice blend
11215,egg beater
11216,rosemary seasoning
11217,cold cooked regular rice
11218,bisquick baking
11219,frozen seafood
11220,bite size chocolate
11221,corn bread batter
11222,containers favorite flavor
11223,cherry chips
11224,campbell's condensed cream of chicken soup
11225,round cheese crackers
11226,betty crocker sour cream
11227,pickle cucumbers
11228,cheddar and
11229,buttercream frosting
11230,mixed hot peppers
11231,extra lean ground round
11232,dark bing cherries
11233,pinapple
11234,unsweetened jello
11235,fruit juice + water
11236,boiling
11237,liquid tang
11238,hickory meat sauce
11239,nutty cinnamon
11240,cookie
11241,lean loin pork chops
11242,scalded cream
11243,licorice laces
11244,recipe for
11245,burrito seasoning
11246,strawberry cola
11247,laundry starch
11248,amount of flour
11249,drops red coloring
11250,pizza garnishes
11251,fresh okra pods
11252,fruit flavored cream cheese
11253,brown turmeric
11254,vanilla fudge ice cream
11255,broiled mushroom crowns
11256,boysenberry juice
11257,herb seasoning mix
11258,confectionary
11259,mayonnaise +
11260,bottles ketchup
11261,lo-cal instant chocolate pudding
11262,grape nuts
11263,white meat tuna
11264,all-purpose shortbread
11265,powdered ranch dressing
11266,black ground pepper
11267,cachere's seasoning
11268,buffalo turkey
11269,coleslaw
11270,best cognac
11271,chocolate cookie pie crust
11272,chili bean soup
11273,coarsley ground black pepper
11274,nacho cheese sauce
11275,whole okra
11276,ground peaches
11277,section garlic
11278,home-grown cucumbers
11279,from giblets
11280,bell's poultry
11281,ribeyes
11282,marble cheese
11283,tasty cheese
11284,gram pot cottage cheese
11285,elbows
11286,lemon-pink
11287,mein
11288,swiss miss cocoa mix
11289,whiskey sauce
11290,asparagus asparagus
11291,beef rump
11292,easy
11293,industry
11294,covers
11295,boston style baked beans
11296,orange yogurt frosting
11297,green-chili salsa
11298,nacho cheese doritos chips
11299,sourdough breads
11300,box wheat thins
11301,flavor soda
11302,campbell's zesty
11303,root beer
11304,ditalini pasta
11305,roll vanilla sugar
11306,peanut butter chips
11307,brandy cogra
11308,hearty beef gravy
11309,home style biscuits
11310,liquid diet sweetener
11311,non dairy creamer
11312,slab beef bacon
11313,lot of ice
11314,chilli beans
11315,toppings of choice
11316,clam shells
11317,jet puffed marshmallow creme
11318,pink grapefruit juice
11319,gallon farmbest
11320,freeze-dried instant coffee
11321,regular pie crust shell
11322,sweet vidalia onion
11323,kentucky bourbon
11324,black cherry flavored gelatin
11325,bratwurst
11326,light g.
11327,low fat cream
11328,unsulfered molasses
11329,potato water
11330,nacho soup
11331,mint flavored apple jelly
11332,fresca
11333,baking chicken
11334,cook spaghetti
11335,frozen white bread dough
11336,thick cream
11337,parkay stick margarine
11338,bottom ice cream cones
11339,dried leaf oregano
11340,dream whip/
11341,your favorite gravy
11342,crushed cheese flavored crackers
11343,moose roast
11344,yellow spanish onions
11345,spearmint
11346,white lily self-riding
11347,lean beef chuck round
11348,browning gravy
11349,regular brown rice
11350,thin strip chicken breasts
11351,cocktail bread
11352,chili-o chili mix
11353,baby back pork ribs
11354,confections sugar
11355,nonpareils
11356,logs
11357,chicken hen
11358,cold sweet milk
11359,kentucky wonder
11360,grape jell-o
11361,green glazed cherries
11362,red glazed cherries
11363,fresh pizza
11364,redskin peanuts
11365,dijon style wet mustard
11366,dairy whipped topping
11367,buckwheat honey
11368,herb seasoning mixture
11369,pkgs jiffy
11370,citrus rind
11371,extra ripe medium bananas
11372,cajun-style tomatoes
11373,thin slices cabbage
11374,regular boxes
11375,bunches romaine
11376,bottled oil
11377,snack rye bread
11378,rotelli pasta
11379,coconut water
11380,bragg liquid
11381,caramel corn
11382,biscuit baking
11383,mt. olive dill
11384,ground extra lean beef
11385,vegetable seasoning
11386,northern spy apples
11387,onion seasoning
11388,lite mayo
11389,campbell's vegetable soup
11390,galic powder
11391,mahi mahi
11392,mixed herbs including fresh basil
11393,berry pie filling
11394,seasoned meat tenderizer
11395,progresso pepper salad
11396,powered sugar glaze
11397,\ sauce
11398,strawberry daiquiri mix
11399,herbed stuffing mix
11400,fresh green onion
11401,grated apple
11402,balsamic vinaigrette
11403,chocolate brownie mix
11404,kahlua liquor
11405,flako corn
11406,pineapple-orange juice
11407,light mozzarella cheese
11408,smashed cooked carrots
11409,brown stock
11410,fresh white corn tortillas
11411,sour cream chocolate cake mix
11412,several stalks celery
11413,crumb pie crust
11414,american shells
11415,unpeeled apricot halves
11416,herbal stuffing
11417,toffee snack
11418,armour corned beef
11419,swiss steak
11420,dairy cream
11421,process cheese sauce
11422,powdered allspice
11423,graham pie crusts
11424,candied orange
11425,slivered citron
11426,hot jalapenos
11427,recipe maple
11428,batter crust
11429,bulghur
11430,giant shells
11431,pet
11432,amount syrup
11433,richardson chocolate
11434,thin slices reduced-fat
11435,salsa verde
11436,crushed wavery wafers
11437,box raisin bran flakes
11438,chorice sausage
11439,oyster soup crackers
11440,uncle ben's original
11441,italian season mix
11442,thin roast beef slices
11443,graham cracker ready pie crust
11444,snowflake coconut
11445,long macaroni
11446,frozen puff pastry sheet
11447,all fruit spread
11448,container of
11449,sweet oil
11450,liquid pepper sauce
11451,five-spice powder
11452,pita
11453,clove ginger
11454,milk chocolate brownie
11455,solid pack tomatoes
11456,buttermilk pancake
11457,frozen hash brown potato patties
11458,several potatoes
11459,loaves round sourdough bread
11460,tomato-based salsa
11461,scalding hot milk
11462,loaves white sandwich bread
11463,baby lotion
11464,file gumbo
11465,tiny rye bread
11466,tart red apples
11467,lasagna pasta
11468,italian croutons
11469,browning
11470,pinenuts
11471,silli spaghetti
11472,baby plums
11473,grandburger
11474,hot noodles
11475,liquid green food coloring
11476,ginger-ale
11477,enough red apples
11478,mixed candied
11479,whole red
11480,berry gelatin
11481,campbell's mushroom soup mix
11482,milk cheese
11483,condensed bean
11484,strawberry instant jello
11485,recipe cooked cornbread
11486,enough miracle
11487,packaged biscuits
11488,crab flavored surimi
11489,shitake mushrooms
11490,munster cheese
11491,sizzlers
11492,squirt of mustard
11493,cream of chicken soup and onion soup
11494,proverbs
11495,revelations
11496,julienne strips cured ham
11497,fudgy frosting
11498,barbecue concentrate
11499,tallow
11500,much
11501,berry-flavored gelatin
11502,party crackers
11503,fresh mandarin
11504,several rolls
11505,liquid hazelnut coffee creamer
11506,firm green tomatoes
11507,meringue powder
11508,colors
11509,cream of chicken flavor
11510,cucumber pickles
11511,french fries
11512,sweet brown mustard
11513,chicken joints
11514,flaky pie crust
11515,medallions veal
11516,brand whiskey
11517,firm figs
11518,crescent pie crust
11519,study
11520,frozen whip topping
11521,kellogg's cocoa
11522,richardson's caramel
11523,hot buttered noodles
11524,casino natural swiss cheese
11525,ground lemon peel
11526,fettuccini pasta
11527,torn lettuce leaves
11528,coconut creme
11529,vanilla-butternut flavoring
11530,frozen calavo avocado
11531,yellow delicious apple
11532,cream dressing
11533,white boiling onions
11534,ground pumpkin pie spice
11535,ears
11536,hands
11537,mild mustard
11538,streusel topping
11539,boneless breasts
11540,additional cocoa
11541,bags chips
11542,jalapeno mexican
11543,unsweetened pie apples
11544,refrigerated sugar cookie dough
11545,thin slice small onion
11546,bite size pieces salad greens
11547,joe sauce
11548,lemon flavored yogurt
11549,saltine cracker
11550,pork top loin
11551,martha white bix-mix
11552,confectioners glaze
11553,cassia
11554,jars great northern beans
11555,regular flaky
11556,handful brown sugar
11557,chachere's creole seasoning
11558,uncooked soup shells
11559,crushed special k cereal
11560,vanilla funfetti
11561,tomatos
11562,green tomato
11563,ground tomatoes
11564,cream of pea soup
11565,boneless round or chuck steak
11566,bowtie pasta
11567,bush beans
11568,fillet fish
11569,market ground sausage
11570,skinny noodles
11571,california olives
11572,strawberry drink
11573,last ingredients mentions
11574,cakes compressed
11575,mild hillshire sausage
11576,medium new potatoes
11577,instant nonfat milk
11578,chocolate wafer
11579,bon appetite seasoning
11580,powdered horseradish
11581,full squirts ketchup
11582,salt-pepper
11583,light salad oil
11584,rump roast of beef
11585,orange gum candy
11586,fruit pieces
11587,beefy mushroom
11588,chili soup
11589,cake pan
11590,marinated beef tenderloin
11591,pike fillets
11592,cream of tarter
11593,cool whip divided
11594,cream of chicken and broccoli soup campbell's makes this soup now
11595,sweet chocolate cake
11596,condensed low fat milk
11597,dark cherries
11598,sour whipping cream
11599,instant grits
11600,low-fat diet margarine
11601,bicarbonate of soda
11602,mixed spice
11603,recipe creamed spinach
11604,lean ground pork sausage
11605,yellow corn mix
11606,mixed dry thyme
11607,ms
11608,mrs. grass vegetable
11609,melons
11610,cupcake tins
11611,additional fat
11612,catsup bottles
11613,packets of sweet 'n low
11614,rice crisp
11615,jars junior plum
11616,stewing meat
11617,tabasco hot sauce
11618,bread crust
11619,low-fat cream
11620,frozen miniature
11621,natural microwave
11622,skirt
11623,rolled biscuits from mix
11624,red sherry
11625,peanut or
11626,enchilada seasoning pkg
11627,cavettelli
11628,ivory flakes
11629,coushaw
11630,lebanon bologna
11631,cooling oil
11632,oil from tomatoes
11633,rolled pork
11634,orange crystal
11635,garden pasta
11636,flowerets from
11637,bottles red food coloring
11638,pickle spice mix
11639,lean cubed salt pork
11640,drops of hot pepper sauce
11641,whipping cream filling
11642,container cracker barrel sharp
11643,country mustard
11644,chicken cutlet
11645,cheap red wine
11646,lite chocolate frosting
11647,different vegetables
11648,broiler-fryer chickens
11649,paprika oil
11650,amount of brown sugar
11651,powders
11652,wages
11653,baby red potatoes
11654,creme-filled
11655,bran flake cereal
11656,total yogurt
11657,grapefruits
11658,lite chunky fruit cocktail
11659,grape leaf
11660,pecan nutmeats
11661,colored pop
11662,ground roasted cumin
11663,fresh figs
11664,pound cake
11665,chop meat
11666,mayonnaise dressing
11667,mashed very ripe bananas
11668,fresh oxtails
11669,clear beef broth
11670,thin slices cucumber
11671,fancy crabmeat
11672,drops food color
11673,noodle mix
11674,lemon-flavored yogurt
11675,tine
11676,crunch peanut butter
11677,corn mix stuffing
11678,jell-o vanilla flavor instant pudding
11679,cool whip whipped topping
11680,ready crust
11681,pumpkins
11682,cream coconut
11683,oriental style sauce
11684,teriyaki marinade sauce
11685,stone ground mustard
11686,hydrox cookies
11687,dessert peach
11688,solid packed pumpkin
11689,light chocolate cake mix
11690,liquid dishwashing liquid
11691,whole apples
11692,mixed italian herbs
11693,raw meat
11694,sweet salad cubes
11695,corkscrew noodles
11696,cereal buds
11697,sour orange juice
11698,red pimientos
11699,threads of saffron
11700,oil cured black olives
11701,breading mix
11702,lumpia
11703,escabeche
11704,green jalapenos
11705,pimento cheese sauce
11706,cappicola
11707,dairy topping
11708,yellow sugar
11709,mini-chocolate
11710,whole wheat crackers
11711,bagel chips
11712,chunk style tuna
11713,fine alum
11714,rolled vanilla wafers
11715,bottle olives
11716,shovel
11717,green branches
11718,pork hocks
11719,q salmon
11720,white lily corn meal
11721,aburage
11722,kurome
11723,shredded almonds
11724,triple strength coffee
11725,vanilla milk chips
11726,wild cherries
11727,blue label karo
11728,soymilk
11729,bolners fiesta
11730,jalapeno juice
11731,instant vanilla pie filling
11732,amounts of cream cheese
11733,condensed broccoli cheese soup
11734,either round
11735,cold roast beef
11736,stove
11737,chunky fruit mix
11738,n serve vanilla pudding
11739,white wine/sherry
11740,balm leaves
11741,lemon verbena
11742,healthy choice mozzarella
11743,butterflied leg lamb
11744,grated grapefruit
11745,prepared sauce
11746,baby back ribs
11747,sour cheese
11748,beef bone
11749,orange sherbet ice cream
11750,thin strips green pepper
11751,italian style stewed tomatoes
11752,american cheeses
11753,graham pie crust
11754,one-minute oats
11755,oldham's hot sausage
11756,onion strips
11757,cereal squares
11758,italian dressing powder
11759,leftover cooked meat
11760,campbell's ramen noodles
11761,lean center
11762,graham cracker-enough
11763,lite sausage
11764,green giant american mixtures california
11765,vegetable dippers
11766,california sweet sherry
11767,table mustard
11768,doritos corn chips
11769,drink powder
11770,brown sugar substitute equal
11771,smashed berries
11772,yellow pudding
11773,folded refrigerated pie crust
11774,soup cream
11775,recipe any chocolate frosting
11776,natural gruyere cheese
11777,peppermint patties
11778,frozen gizzards
11779,diamalt
11780,marjoram spice
11781,crabmeat juice
11782,oinion
11783,italian style tomato sauce
11784,fresh beet
11785,real whipping cream
11786,custard dessert
11787,milk cocoa
11788,extra garlic
11789,black bananas
11790,commercial bean
11791,lean beef short ribs
11792,shredded roast beef
11793,watchers mayonnaise
11794,vanilla cook
11795,full milk
11796,ground cracklings
11797,rainbow spiral noodles
11798,red port wine
11799,give gloss
11800,large jello
11801,byrds
11802,young hen
11803,flank
11804,garden style salsa
11805,already pie crusts
11806,nonfat topping
11807,canned pie filling
11808,cashew halves
11809,stouffer's creamed
11810,splenda sugar
11811,instant espresso
11812,zeera powder
11813,tamarind concentrate
11814,long thin spaghetti
11815,containers of savoy dressing mix
11816,hot cooked cereal
11817,semi sweet chocolate
11818,liquid from mushrooms
11819,strong warm coffee
11820,almond chocolate bar
11821,frozen nonfat whipped topping
11822,back
11823,chocolate streusel filling
11824,cola soda
11825,hickory
11826,marinated sauce
11827,stone-ground cornmeal
11828,low-sodium baking powder
11829,hot chili sauce
11830,johnson's baby shampoo
11831,roll paper
11832,commercially prepared eggnog
11833,ground turkey meat
11834,extract
11835,fresh small black-eyed peas
11836,capful cooking sherry
11837,singles pasteurized
11838,steamed squash
11839,dabs of margarine
11840,cold cooked chicken
11841,mixed fresh parsley
11842,vegetable spray
11843,hot cooked long grain rice
11844,low-fat granola with raisins
11845,mice
11846,cherry herring
11847,washed red potatoes
11848,pictsweet chinese
11849,smoke sausage
11850,sherry wine vinegar
11851,egg shell milk
11852,hillshire farms sausage
11853,fresh of frozen chopped vegetables broccoli
11854,meat carcass
11855,ground chili pepper
11856,chinese bean sprouts
11857,pistachio instant
11858,minute oatmeal
11859,salmon per person
11860,cook kind
11861,onion soup mixture
11862,frozen cream spinach
11863,lemon concentrate juice
11864,chile pepper
11865,jell-o brand pistachio instant pudding
11866,own sauce
11867,orange curacao
11868,roma tomatoes
11869,fully cooked salmon
11870,crudites
11871,amount garlic
11872,unsalted tomatoes
11873,bakon
11874,cidah vinegah
11875,watah
11876,black peppah
11877,haids lettace
11878,wagon wheel macaroni
11879,amount of hamburger meat
11880,venison pieces
11881,blanched almond halves
11882,broccoli head flowerets
11883,penne rigate
11884,broccoli head
11885,betty crocker pie crust
11886,full of evaporated milk
11887,wooden cutting board
11888,butterscotch commercial pudding
11889,glue
11890,oil based italian dressing
11891,handful of cashews
11892,unsweetened baking chocolate
11893,chocolate cocoa
11894,hot cooked oatmeal
11895,powdered sugar replacement
11896,tamara
11897,tube angel food cake
11898,campbell's vegetarian
11899,white soda crackers
11900,chili roll
11901,fresh pasta
11902,turkey dressing crumbs
11903,generous amount
11904,salt petre
11905,cheddar cheese pastry
11906,frozen grapefruit concentrate
11907,frozen grape concentrate
11908,trimmed arugula
11909,cushaw
11910,bacon flavor
11911,semi-sweet mini morsels
11912,concentrate lemonade
11913,vanilla instant sugar
11914,gluten
11915,ground wheat flour
11916,fresh marjoram
11917,all-purpose biscuit baking mix
11918,milk chips
11919,hot velveeta mexican cheese
11920,bread machine yeast
11921,croissant rolls
11922,butterscotch sugar
11923,mini chips
11924,sineye
11925,potato per
11926,bowl of cold
11927,liquid blue starch
11928,dixie cups
11929,yellow elmer's wood glue
11930,ranch style pinto beans
11931,corn cob ashes
11932,almond chips
11933,long-grained raw white rice
11934,shedded cheese
11935,ground anise
11936,chicken-flavored instant bouillon
11937,claw meat
11938,so
11939,ore-ida hash browns
11940,fresh snap peas
11941,thyme mushroom sauce
11942,black cherry gelatin
11943,country ham slices
11944,dry dressing mix
11945,strawberry whipped topping
11946,condensed french onion soup
11947,campbell's cream soup
11948,orange filling
11949,nectarines
11950,sheepherders bread
11951,broccoli slaw mix
11952,ramen type noodles
11953,plums
11954,bite size hot dogs
11955,rolled pork sausage
11956,favorite ice cream flavor
11957,rye \
11958,red chillies
11959,fordhook limas
11960,slant celery
11961,hot broth
11962,condensed chili beef soup
11963,squirt of lemon
11964,buffalo meat
11965,serviceberries
11966,deuteronomy
11967,hebrew
11968,shakers
11969,orville redenbacher's butter
11970,orange/pineapple
11971,sweet spanish onions
11972,armour chili beans
11973,bar monterey
11974,da vinci pasta
11975,baby eggplants
11976,fajita shells
11977,regular weight aluminum
11978,branches of fresh rosemary
11979,golden mushroom
11980,warm liquid
11981,amount of pepper
11982,golden white raisins
11983,welch's grape jelly
11984,cake mixes
11985,tostados
11986,pack stew beef
11987,salad supreme spice mix
11988,oriental vegetables
11989,duncan hines
11990,mushroom bisque soup
11991,cocoa brownies
11992,red fruit
11993,pineapple topping
11994,dipping
11995,powdered cumin
11996,nonfat evaporated milk
11997,shot amaretto
11998,shot cream
11999,mixed summer
12000,cornflake
12001,turkey thighs
12002,maifun
12003,cooking farina
12004,cherry nut
12005,lean beef brisket
12006,wonder
12007,fresh limes
12008,white fettuccine
12009,clemente
12010,chachere's salt
12011,frozen broccoli bits
12012,lemon vinaigrette
12013,lime-flavored
12014,candles
12015,bakery style cinnamon
12016,minutes
12017,box cherry
12018,bottom round or swiss steak
12019,pressed
12020,zatarains jambalaya mix
12021,stems
12022,rosamarina noodles
12023,pie dough
12024,chocolate drizzle
12025,hines supreme orange cake
12026,green pasta
12027,fine white bread crumbs
12028,vegetable sticks
12029,hormel chunky ham
12030,green ginger
12031,cardamon seeds
12032,instant biscuit mix
12033,pork flavor
12034,glugs glycerin
12035,anything you might
12036,soft stale bread crumbs
12037,strong beef bouillon
12038,smashed strawberries
12039,spaghetti sauce seasoning mix
12040,fresh squeezed lemon
12041,pudding recipe lemon cake mix
12042,frozen southern hash browns
12043,seeded tokay grapes
12044,mixed candy
12045,snow crab
12046,bluing liquid
12047,four cheeses
12048,plum jelly
12049,lean coarse ground beef
12050,mashed cooked pinto beans
12051,johnnycake meal
12052,cream drops
12053,japanese eggplant
12054,king mackerel
12055,cold half
12056,shortening oil
12057,green jalapeno
12058,boiling chicken broth
12059,liquid jelly
12060,leftover peas
12061,corn bread cake
12062,fruit filing
12063,english walnut meal
12064,favorite wine
12065,red wine garlic vinegar
12066,finger size dinner rolls
12067,boneless beef round
12068,well mashed potatoes
12069,quick
12070,portions
12071,topping of choice
12072,firm fleshed fish
12073,jell-o instant pudding
12074,granola chunks
12075,veal stew
12076,extra sesame seed
12077,bowl of cold pinto beans
12078,fresh pecan halves
12079,carton ice milk
12080,skillet of cornbread
12081,raspberry fruit spread
12082,cooking ham
12083,del monte pineapple
12084,tender stalks celery
12085,oatmeal cookies
12086,pies
12087,italian dry bread crumbs
12088,grindings black pepper
12089,green label brer
12090,handful almonds
12091,cajun rice
12092,bonito flakes
12093,sweet rice wine
12094,brown gravy mix with mushrooms
12095,chicken breast fillet
12096,echo cookies
12097,knudsen
12098,mild chilies
12099,victoria supreme salsa
12100,brickle chips
12101,bar hershey chocolate
12102,reserved juice from fruit cocktail
12103,hamberger meat
12104,garlick powder
12105,ongion powder
12106,tost
12107,boll
12108,scilet
12109,cholesterol-free egg substitute
12110,chocolate lovers
12111,crumbled cornflakes
12112,hoagie buns
12113,country bob's
12114,hickory smoke seasoning
12115,can great northern beans
12116,alphabet pasta
12117,zucchini strips
12118,cold sealegs
12119,teams of players
12120,scorekeepers
12121,umpires
12122,handful of boisterous fans
12123,freshly grated
12124,ground liver
12125,'s sweet chocolate
12126,spanish saffron
12127,herb season bread crumbs
12128,oil-pack
12129,either mix
12130,frozen white
12131,white cider vinegar
12132,candiquick
12133,never fail frosting
12134,canning apples
12135,aspirin
12136,pea juice
12137,beef round roast
12138,shiofuke kombu strips
12139,furikake
12140,red ginger
12141,pretzel rings
12142,unpeeled apple
12143,embasa green chili salsa
12144,fresh chopped garlic
12145,unsalted soya nuts
12146,container strawberries
12147,buttermilk flaky
12148,tiny shell macaroni
12149,maynonaise
12150,fryer size chicken
12151,whole wheat fettuccine
12152,extra sharp cheddar cheese
12153,sweet cubed pickles
12154,low-fat whipped cream
12155,durkee chili mix
12156,elmer's white glue
12157,button
12158,wealth
12159,heart devotion
12160,fill blender
12161,claxton fruit cake
12162,dough rolls
12163,fill both pie shells
12164,cheddarella cheese
12165,thank you lite cherry pie filling
12166,skinner pasta
12167,sprinkle sweet
12168,enchilada sauce seasoning
12169,walnut flavoring
12170,chocolate disks
12171,lean chuck roast
12172,meaty ribs
12173,campbell's chicken flavor ramen noodle soup
12174,thin strips sweet red pepper
12175,canola
12176,italian lite dressing
12177,veggie filling
12178,country pork
12179,andes solid chocolate mint wafers
12180,stella d'oro anisette
12181,jimmies
12182,abate's tomato sauce
12183,lean ground lamb
12184,orange sodas
12185,corn kit
12186,fresh jalapeno
12187,basil sprigs
12188,ground hot sausage
12189,enoki mushrooms
12190,broth powder
12191,freshly picked cucumbers
12192,master
12193,home-style white bread
12194,beaten yolks
12195,frozen peas with pearl
12196,low-fat sharp
12197,bean mix
12198,bc
12199,knackwurst sausage
12200,cheddar cheese cracker crumbs
12201,various veggies
12202,fillet of haddock
12203,regular size ritz crackers
12204,chicken broth mix
12205,cocktail size
12206,long-cooking rice
12207,dried leaf herb
12208,baby-cut carrots
12209,home style beef gravy
12210,extra raisins
12211,o.t.c. crackers
12212,red beet
12213,whole wheat grain
12214,caramel frosting
12215,save juice
12216,stuffed olive
12217,unsweetened grapefruit juice
12218,capellini
12219,fritos crumbs
12220,colored eggs
12221,success rice
12222,tennessee sunshine
12223,chive-flavored cream cheese
12224,sour cream sauce
12225,fresh/frozen perch
12226,fruit salad dressing
12227,box strawberries
12228,nabisco chocolate cookies
12229,asiago cheese
12230,white sweet wine
12231,lemon-squeezed juice
12232,fresh/frozen broccoli flowerets
12233,fresh frozen orange juice
12234,green chocolate wafers
12235,coconut oil
12236,shredded sharp process cheese
12237,anchovy fillets
12238,medium rye flour
12239,dark rye flour
12240,fast rise yeast
12241,ground shelled shrimp
12242,salami slices
12243,white cream cheese
12244,chili powder mix
12245,pecan sandies
12246,salad seasoning spices
12247,warm colored water
12248,chuck meat
12249,beef bouillon packets
12250,confectioners sugar frosting
12251,whipped heavy cream
12252,of juice
12253,fresh standard oysters
12254,grated red
12255,nonfat sour cream alternative
12256,cranberry bread
12257,just right cereal
12258,progresso artichoke
12259,almond halves
12260,really hot water
12261,low-fat mozzarella cheese
12262,betty crocker cherry chip cake mix
12263,natural bran
12264,green snap beans
12265,bushes
12266,red leaf lettuce
12267,fiesta cheese soup
12268,black raspberries
12269,green chile sauce
12270,deerburger
12271,egg +
12272,bird peppers
12273,seasoned japanese vinegar
12274,ground white meat
12275,cucumber rings
12276,cinnamon disc
12277,lemon/vanilla flavoring
12278,dry chinese noodles
12279,tins
12280,supreme salad seasoning
12281,lucky charms cereal
12282,southern comfort liqueur
12283,box wheat
12284,unsalted pretzels
12285,borden's white candy coating
12286,bottle caesar salad dressing
12287,romania cheese
12288,red chili beans
12289,marzetti lite buttermilk dressing
12290,taster choice
12291,cream of chicken soup mushroom
12292,sugar snap peas
12293,strawberry flavoring
12294,word
12295,texas red chili seasoning
12296,young beets
12297,refrigerated peanut butter
12298,fine bulgar
12299,mustard leaves
12300,lemon-flavored gelatin
12301,yellowfin tuna
12302,mustard seeds
12303,unsweetened white grape juice
12304,pastry topping
12305,level cracker crumbs
12306,boxes sugarfree
12307,boiling pineapple
12308,cream of cheese soup
12309,powdered non
12310,powdered chocolate milk
12311,yellow sharp cheese
12312,white sharp cheese
12313,strawberry fruit
12314,handful of marshmallows
12315,campbell's onion soup mix
12316,rainbow spirals
12317,corn bran cereal
12318,parkay butter
12319,cream cheese chives
12320,groundhog
12321,summer soup stock
12322,chocolate candy squares
12323,scallion onions
12324,corn kits
12325,hot cooked white rice
12326,mixed grated lemon
12327,shortening for
12328,drops of vanilla
12329,kosher garlic
12330,coconuts flakes
12331,kraft monterey jack cheese
12332,thin zucchini
12333,celery sticks
12334,butter buds
12335,celery stems
12336,cherry brandy
12337,strawberry extract
12338,shot bourbon
12339,instant pie mix
12340,vegetable oil pastry
12341,will
12342,suit
12343,evaporated mil
12344,bags micro
12345,fresh beet greens
12346,scallion greens
12347,creamy dressing
12348,sunflower hearts
12349,parsley root
12350,kernel
12351,light dry white wine
12352,. kirsch
12353,fresh small button mushrooms
12354,regular maule
12355,red hot cayenne pepper sauce
12356,light pillsbury cake mix
12357,multi-grain
12358,mashed cooked potatoes
12359,french style beans
12360,bake sugar cookies
12361,bird nest noodles
12362,lots of garlic
12363,riches bread
12364,parkay spread
12365,southern pecan halves
12366,cold piggly
12367,walla walla onions
12368,curacao
12369,chicken taco
12370,cold meat
12371,enchilada sauce mix
12372,darning needle
12373,heavy white thread
12374,rice mix
12375,chili style tomatoes
12376,beef tripe
12377,tanias
12378,dietetic applesauce
12379,apple brandy
12380,green pitted olives
12381,boneless steak
12382,o gelatin
12383,loaves homemade
12384,salmon juice
12385,powdered baking cocoa
12386,low-salt chicken stock
12387,boned skinned chicken breasts
12388,turkey breast lunch meat
12389,extra wide noodles
12390,skinner vermicelli
12391,recipe secrets beefy onion
12392,lemon essence
12393,bisquick/recipease
12394,whipped reduced-fat cream cheese
12395,cavatappi
12396,white bean
12397,recipe peanut butter
12398,yellow mustard seeds
12399,non dairy
12400,jalapeno bean
12401,green giant mexicorn
12402,puffy pastry
12403,marinaded artichoke
12404,lime-lemon
12405,cream of celery soup campbell's
12406,condensed bean bacon soup
12407,vinegar - apple cider
12408,honey spice cake mix
12409,cheese nips
12410,light cooking spray
12411,thank you fruit pie filling
12412,fried chinese noodles
12413,vegetarian refried beans
12414,boneless fish
12415,cherry drink
12416,boiling hen
12417,regular corn meal
12418,pumpkin spice coffee
12419,white great northern beans
12420,smoked sauce
12421,stalks parsley
12422,salt substitute seasoning
12423,alphabet soup
12424,extra butter
12425,olive slices
12426,lawrys season salt
12427,dry cheese
12428,caesar salad croutons
12429,party mix
12430,lemon joy
12431,long sliced ham
12432,red hot chili pepper
12433,jars junior apricot baby food
12434,orange chiffon cake
12435,clove powder
12436,mandarin cherries
12437,cream cream
12438,vanilla-milk
12439,vanilla chip drizzle
12440,cherry sugar
12441,mozzarella slices
12442,orechiette
12443,fresh jersey tomatoes
12444,cream-style golden corn
12445,veg-all original mixed vegetables
12446,party peas
12447,campbell's corn
12448,frozen cream cheese
12449,salad herbs
12450,veal cubes
12451,boneless pork cubes
12452,amount water
12453,lime flavor
12454,garlic chips
12455,cheez whip
12456,cold sweet butter
12457,rapid rise
12458,fresh apple
12459,couple drops yellow food coloring
12460,barrel of laughter
12461,either crawfish
12462,fresh cider
12463,lean ground pork butt
12464,next
12465,spring roll skins
12466,brown patties
12467,boneless stewing beef
12468,chocolate covered
12469,frozen regular pie crusts
12470,crookneck
12471,dry white sherry
12472,honeydew melons
12473,tawny
12474,brown bits from meat
12475,from roast
12476,country style frozen hash browns
12477,brooks chili hot beans
12478,regular taco
12479,split green peas
12480,shots blackberry brandy
12481,very ripe mashed bananas
12482,sesame paste
12483,orange crush
12484,cubed lean pork
12485,eggs according
12486,sun vista pinto beans
12487,fillets flounder
12488,paste color
12489,salmon steak fillets
12490,potato dough
12491,colby-jack cheese
12492,thank you brand pie filling
12493,turkey legs
12494,cream cones
12495,pastina noodles
12496,coarse cabbage
12497,caramel glaze
12498,courgette
12499,hot dog
12500,unsweetened raspberry
12501,washed rice
12502,chuck roasts
12503,sealegs
12504,staggs chicken
12505,dish pie pan
12506,cayenne powder
12507,glass whiskey
12508,lily lime
12509,green cake color
12510,hawaiian vegetables
12511,instant pistachio nut pudding
12512,boneless salmon
12513,light honey
12514,fresh cucumber
12515,dried leaf basil
12516,powered sugar
12517,custard powder
12518,fresh whipping cream
12519,rice-a-roni spanish rice
12520,frozen precooked shrimp
12521,bavarian-style sauerkraut
12522,garlic mashed potatoes
12523,jars junior carrots
12524,calico scallops
12525,breakfast meat
12526,mixed lettuce salad
12527,candy kisses
12528,hot taco
12529,carton creamed cottage cheese
12530,cinnnamon
12531,chocolate nonfat
12532,unsweetened lemonade
12533,stir-fry sauce mix
12534,sugar cookie mix
12535,cream of chicken soup or celery soup
12536,lean white turkey
12537,sufficient flour
12538,grate
12539,chilled grape juice
12540,tacos
12541,tomato-onion
12542,freshly
12543,skinner lasagne
12544,lemon-optional
12545,vanilla cake icing
12546,detergent
12547,frozen limeade concentrate
12548,cajun seasonings
12549,worchestshire sauce
12550,turpentine oil
12551,wintergreen oil
12552,tenderloin chops
12553,clear-jel
12554,shoe-string
12555,hard cooked eggs
12556,block white chocolate
12557,regular cottage cheese
12558,chinese fried noodles
12559,chili pasilla
12560,california chilies
12561,laurel leaves
12562,sociables crackers
12563,florida sugar
12564,florida orange slices
12565,cinnamon red hearts
12566,unsweetened cherry
12567,bavarian kraut
12568,caramel flavoring
12569,fruit juice from berries
12570,chocolate chip slice
12571,low-fat oleo
12572,broken walnut meats
12573,del monte fruit cocktail
12574,light dressing
12575,strawberries with juice
12576,pie yogurt
12577,cayenne sauce
12578,fresh brisket of beef
12579,brats
12580,creamcheese
12581,caesar flavored salad croutons
12582,powdered nonfat milk
12583,fresh leeks
12584,butter frosting
12585,slaked lime
12586,stalks scallions
12587,frozen king crabmeat
12588,vegetable cocktail juice
12589,geranium oil
12590,drops glycerin
12591,orrisroot
12592,powdered italian
12593,unsweetened apple butter
12594,fresh green chili pepper
12595,snowflake
12596,couple shakes tabasco sauce
12597,ro-tel sauce
12598,bloemers chili powder
12599,apricot flavor
12600,tel
12601,hormel
12602,thin slice ginger root
12603,italian or golden mediterranean salad dressing
12604,cooking sheet
12605,break bodies
12606,equal amounts sugar
12607,beef-flavored bouillon
12608,cakes paraffin
12609,instant white chocolate pudding
12610,vanilla cream
12611,boneless beef rump
12612,black label ranch style beans
12613,favorite cereal
12614,baby food prunes
12615,maple pancake syrup
12616,freshly squeezed lime
12617,fresh kale
12618,powdered savory
12619,lemon drops
12620,almond bark chocolate
12621,frozen festive corn
12622,ground rolled oats
12623,enough cracker crumbs
12624,crushed crumbs
12625,rump
12626,low-fat ranch dressing
12627,bones
12628,sweet cauliflower
12629,pioneer no fat country gravy mix
12630,crayfish
12631,sourdough snyder's pretzels
12632,roll refrigerator slice
12633,varieties of fruit
12634,prepared yogurt
12635,pressed sweet fern
12636,grated white pepper cheese
12637,green garden onions
12638,garlic vinegar
12639,sour pitted red cherries
12640,mexican cheese
12641,thick jam
12642,semi sweet chocolate morsels
12643,raspberry liqueur
12644,chocolate candy coating squares
12645,white chocolate squares
12646,anise seeds
12647,frozen jumbo round cheese ravioli
12648,flavor crystals
12649,no yolk egg noodles
12650,lo-fat ground beef
12651,chop
12652,dark cooking molasses
12653,jars applesauce
12654,nose
12655,southern style
12656,kosto pudding
12657,ground pickles
12658,ginger flavored soy sauce
12659,bean sauce
12660,snow pea pods
12661,slivered ginger root
12662,special seasoning
12663,long sausage
12664,andes creme
12665,cooled peas
12666,beef tenders
12667,redfish seasoning
12668,bread crumbs mixed
12669,dark brown syrup
12670,mazola oil
12671,outside lettuce
12672,enough cream
12673,gingerbread cake
12674,green sweet bell pepper
12675,cheap hamburger
12676,special oil
12677,white fleshed fish
12678,bottles non-
12679,chili con carne seasoning
12680,before measuring
12681,reserved mushroom stems
12682,pork cutlets
12683,pinipig
12684,equal amounts
12685,lean chicken breasts
12686,stout beer
12687,pepino sauce
12688,pineapple yogurt dressing
12689,tortilla cheese
12690,alfredo sauce mix
12691,dipping sauce
12692,pasta spirals
12693,used
12694,clove oil
12695,light cool whip
12696,light cool
12697,frozen mckenzies
12698,dressing cubes
12699,chocolate bark coating
12700,instant lemon nestea
12701,jumbo size shells
12702,fresh ground jalapeno peppers
12703,ready-to-spread
12704,garlic buds
12705,nopalitos
12706,tagliatelle
12707,whole sweet potatoes
12708,ham shank
12709,cook lentils
12710,commercial salsa
12711,fresh broccoli flowers
12712,chocolate shot
12713,cust
12714,buttermilk style ranch salad dressing
12715,different flavors jello
12716,italian style turkey sausage
12717,italian beans
12718,shiitake mushrooms
12719,pancit
12720,oonion
12721,summer savory
12722,containers oysters
12723,jumbo pasta shells
12724,oat-bran cereal
12725,hormel chopped
12726,canister black pepper
12727,plantation
12728,rainbow noodles
12729,crepe
12730,made pie shells
12731,white button mushrooms
12732,brisee
12733,shelled peas
12734,italian-seasoned
12735,gruyre cheese
12736,ginger dressing
12737,cellophane noodles
12738,quatered
12739,gold medal
12740,lean pork bone
12741,betty crocker bac-o's bacon
12742,barbecued
12743,whole marjoram
12744,sweet mixed pickles
12745,whole wheat pita breads
12746,ascorbic acid crystals
12747,lite powdered fruit pectin
12748,jalapeno sauce
12749,mocha ice cream
12750,lemon supreme cake mix or pineapple
12751,lemon juicer
12752,soy tofu
12753,extra chunky peanut butter
12754,white clover flowers
12755,extra large cucumbers
12756,dietary chocolate chip ice milk
12757,cajun stewed tomatoes
12758,joy liquid
12759,chop suey noodles
12760,apricot-pineapple preserves
12761,veg-all veggies
12762,tomato bits and sauce
12763,lay mild
12764,deli style turkey
12765,supreme
12766,additional boiling water
12767,chunky white chicken
12768,lemon ice
12769,frozen reduced-calorie whipped topping
12770,white brad
12771,cut apples
12772,block monterey
12773,shellroni
12774,frozen ready
12775,zingers
12776,bacon bean soup
12777,frozen corn kernels
12778,creamettes lasagna
12779,vegetarian burger
12780,cranberry jelly
12781,hormel sliced pepperoni
12782,sargento fancy supreme pizza cheese
12783,cream of chicken with mushroom soup
12784,either
12785,balsonic vinegar
12786,frozen southern style hash browns
12787,sargento natural
12788,ground oats
12789,lukewarm watah
12790,lemun extract
12791,white corn bread mix
12792,light white karo syrup
12793,thawed birds
12794,italian brown mushrooms
12795,baby white mushrooms
12796,spinach linguine
12797,turkey pastrami
12798,betty crocker fluffy frosting mix
12799,flako
12800,fresh stew meat
12801,frozen green
12802,mini-chocolate chips
12803,dry kidney
12804,rosamarina pasta
12805,pack crackers
12806,frozen cream
12807,chinese
12808,basil soup
12809,lime flavored sparkling water
12810,mint chocolate morsels
12811,crumblers
12812,jumbo ripe olives
12813,hot sweet potatoes
12814,fresh mushroom halves
12815,chablis dry white wine
12816,heavy foil
12817,packets sugar replacement
12818,chedder cheese
12819,california chiles
12820,white miso
12821,paper liners
12822,fresh beans
12823,bulgar
12824,sharkleberry
12825,bacon dressing
12826,long grain cooking rice
12827,pack tuna
12828,acting dry yeast
12829,chocolate mousse pudding
12830,dixie crystals
12831,regular chili sauce
12832,english spread
12833,boiled shrimp
12834,lime water
12835,loose yeast
12836,white pineapple
12837,orange jello mix
12838,chocolate block
12839,cups wheat
12840,handful red hots
12841,sour cream dressing
12842,giblet broth
12843,mt. dew
12844,chicken chunks
12845,grated tillamook cheese
12846,condensed celery
12847,better chocolate
12848,healthy choice cream of mushroom soup
12849,lots of red pepper
12850,soft crisco
12851,tenders
12852,red pickling peppers
12853,veggi links
12854,lean pork sausage
12855,raspberry pie filling
12856,whole white peppercorns
12857,whole green peppercorns
12858,sesame shell macaroni
12859,campbell's black bean soup
12860,stalk broccoli
12861,open pit
12862,thin red onion
12863,duncan hines brownie mix
12864,boneless beef chuck eye roast
12865,bouillons
12866,italian meatballs
12867,very dry sherry
12868,chicken breast meat
12869,lemon glaze
12870,romaine lettuce leaves
12871,tsp.chili powder
12872,poultry dressing
12873,mixed color peppers
12874,mild vinegar
12875,clear imitation
12876,pan drippings
12877,bean salad
12878,chowder fish
12879,fideo noodles
12880,recipe rhubarb filling
12881,bottles sundrop
12882,snow crabmeat
12883,ground potatoes
12884,cold ham
12885,bottle vernors
12886,solomon
12887,english walnut pieces
12888,heavy mayonnaise
12889,fresh clams with liquid
12890,crisp cooked bacon
12891,fresh baked sweet potatoes
12892,yolks from eggs
12893,grandma's molasses
12894,ale
12895,grandma's pepper
12896,pack taco
12897,thin slices cantaloupe
12898,orange rings
12899,lemon rings
12900,ouzo
12901,ground cayenne
12902,lamagna cheese
12903,round snack crackers
12904,thaw
12905,cardamons
12906,red hot
12907,b&b mushrooms
12908,sack sherry
12909,frozen roll dough
12910,ranch style hidden valley dressing mix
12911,yellow rice coloring
12912,red raspberry soda
12913,dill juice
12914,grapenuts
12915,powdered nonfat dry milk
12916,unsweetened fruit cocktail
12917,brown gravy syrup
12918,loaves wonder
12919,fresh pork roast
12920,lime gelatin powder
12921,whites of egg
12922,marachino cherries
12923,bottles bulls
12924,campbell's tomato juice
12925,boneless round roast
12926,recipe vanilla caramels
12927,beef patty
12928,baking powder for each c. of flour
12929,semi-sweet chunks
12930,herb pepperidge
12931,o'lemon seasoning blend
12932,ripe berries
12933,onion topping
12934,frozen whipped cream topping
12935,your favorite red sauce
12936,jigger sugar syrup
12937,red pimiento peppers
12938,yeast rolls
12939,sugar cinnamon
12940,ground pumpkin spice
12941,leftover stuffing
12942,pork heart
12943,stack saltines
12944,low-fat flavored yogurt
12945,salmon oil
12946,coors beer
12947,quartered apples
12948,condensed lobster
12949,shredded natural swiss cheese
12950,strawberry philadelphia cream cheese
12951,graham cracker crumb pie shell
12952,sugar-cane syrup
12953,corn pops cereal
12954,liters orange pop
12955,ling cod
12956,beef strips
12957,frozen cooked meatballs
12958,butter yellow cake
12959,ro-tel green chilies
12960,grated sweet potato
12961,toamtoes
12962,ground crawfish tails
12963,reserved juice from pineapple
12964,pasta ready tomatoes
12965,amount olive oil
12966,junket tablets
12967,mashed peaches
12968,powdered soy milk
12969,select oysters
12970,cream tartar
12971,white wine chablis
12972,thin sliced zucchini
12973,mashed cooked winter
12974,tsp.baking soda
12975,lemon pepper salt
12976,cheddar cheese soup mix
12977,family size
12978,savory leaves
12979,ready-to-stuff turkey
12980,garden style
12981,cans plums
12982,patty pan squash
12983,rolls sausage meat
12984,egg/milk
12985,smashed nachos
12986,beaten stiff heavy cream
12987,almond and/or
12988,chopped chips
12989,betty crocker
12990,supreme walnut brownie mix
12991,baking dish
12992,italian herb
12993,chile hot beans
12994,pastry sheet
12995,pork ham
12996,egg substitutes
12997,frozen california vegetable mix
12998,layer pepper
12999,layer celery
13000,sensations
13001,red chile sauce
13002,string licorice
13003,crescent roll mix
13004,baby corns
13005,seedless red
13006,long beans
13007,firm fish fillet
13008,silk
13009,italian sweet
13010,chocolate covered marshmallow cookies
13011,black gumdrops
13012,ground kiwi fruit
13013,glass red currant jelly
13014,good bourbon whiskey
13015,tomato sections
13016,gingerbread mix
13017,vegetarian soup
13018,whole ortega chiles
13019,italian style dry bread crumbs
13020,turkey hind quarters
13021,herb season stuffing
13022,almond hershey bar
13023,refrigerated sugar cookies
13024,squirts tabasco
13025,veg-all mix
13026,orzo macaroni
13027,amount coconut
13028,nonfat dry powdered milk
13029,pancake batter
13030,graham cracker cereal
13031,light karo corn syrup
13032,serve jello vanilla pudding
13033,fresh watercress
13034,peeled new potatoes
13035,tomato-herb sauce
13036,crayons
13037,country oven bread crumbs
13038,hamburg relish
13039,planters cocktail peanuts
13040,liquid from salmon
13041,favorite vodka
13042,blade
13043,cherry supreme cake mix
13044,pear nectar
13045,green seedless grape halves
13046,lake trout
13047,rhine
13048,thin slices bologna
13049,low-fat chocolate milk
13050,fresh lemon thyme
13051,hot vermicelli
13052,chive cream cheese
13053,onion chip
13054,bell papper
13055,grating from peel
13056,green pea soup
13057,cream for whipping
13058,drummettes
13059,loaves angel
13060,fresh brewed coffee
13061,tins anchovies
13062,mashed navy beans
13063,carbon ammonia
13064,chunked rhubarb
13065,flaked cooked chicken
13066,tender spinach
13067,white and purple onions
13068,beef rolled rump roast
13069,talcum powder
13070,sweet mixed pickle juice
13071,crumbled saltines
13072,gooseberry
13073,purple cabbage
13074,weiners
13075,green chopped
13076,ring hillshire
13077,regular oreo cookies
13078,angel cake mix
13079,granular
13080,light rye flour
13081,unbleached wheat flour
13082,orange juice cans
13083,mint flavored semi-sweet chocolate morsels
13084,fruit sweet
13085,black pepepr
13086,mexi-corn
13087,deer hamburger
13088,recipe stewed tomatoes
13089,handful of pea pods
13090,ro-tel peppers
13091,cheddar cheese slices
13092,liquid no calorie sweetener
13093,epsom salts
13094,turnip
13095,julienne strips cheddar
13096,stuffing mix with
13097,nappa
13098,handful of cinnamon candy
13099,mixed onion
13100,fresh large
13101,red raspberry yogurt
13102,chocolate made
13103,pie spices
13104,refrigerator crescent
13105,vanilla pie mix
13106,vanilla crackers
13107,colored sugar sprinkles
13108,packet taco
13109,volume
13110,pastrami
13111,hoagie bun
13112,squirts of ketchup
13113,curry power
13114,quart juice
13115,watter
13116,bottles of ginger ale
13117,unrefined oil
13118,red green bell pepper
13119,petits peas
13120,chili poblano
13121,chili guajillos
13122,crust pie shell
13123,red candies
13124,jello for
13125,poultry stock
13126,irish mist
13127,drops of green food coloring
13128,herb spice
13129,chicken salad dressing
13130,nugget-style bran
13131,semisweet chocolate chips
13132,cold cooked long grain rice
13133,refrigerator flaky
13134,nacho cheese corn chips
13135,shrimp bisque
13136,take-out chicken
13137,thunder
13138,lightning
13139,penne noodles
13140,mixed italian cheeses
13141,cheese bits
13142,milk ricotta
13143,them
13144,steamed raisins
13145,buttermilk spice
13146,lean cooked ham
13147,tapioca pudding mix
13148,sliced strawberries
13149,hot beets
13150,artificially
13151,ground dried thyme
13152,frozen dinner rolls
13153,snack crackers
13154,macaroni rings
13155,ground toasted almonds
13156,coconut pudding mix
13157,dill weed seasoning
13158,spanish style tomato sauce
13159,european cucumber
13160,red radish
13161,couple dashes
13162,daiquiri mix
13163,handshakes
13164,stove top stuffing mix for pork
13165,fully cooked smok
13166,egg mixture
13167,blueberry yogurt
13168,cherry red
13169,croissant dough
13170,black cherry nectar
13171,salad supreme spices
13172,tiny marshmallows
13173,hot texas
13174,hot casings
13175,seafood breader mix
13176,lite salad dressing
13177,boneless beef steak
13178,instant beef boullion
13179,cornbread dressing stuffing mix
13180,ground cooked turkey
13181,carne adovada
13182,turkey wings
13183,pack lime jello
13184,stella d'oro anginetti cream
13185,regular size chocolate instant pudding mix
13186,season stuffing
13187,salt tomatoes
13188,brisket sauce
13189,pans
13190,ground beef/turkey
13191,low-fat small curd cottage cheese
13192,tiny ring macaroni
13193,quartered artichoke hearts
13194,kosher pickles
13195,fruitcake mix
13196,additional candied fruit
13197,your favorite bread stuffing
13198,whipped salad dressing
13199,any kind fruit
13200,orange with peel
13201,thin slices lean ham
13202,mix with pudding
13203,without oil
13204,chocolate bits walnut pieces
13205,cartons vanilla
13206,lemon icing
13207,no sugar peanut butter
13208,oregano salt
13209,whole wheat cereal
13210,ground chocolate
13211,hobbies
13212,apple pieces
13213,bags sauerkraut
13214,thick shampoo
13215,black walnut spice
13216,graham shell
13217,broccoli tops
13218,sunsweet prunes
13219,parsley salt
13220,sweet one
13221,extra hot links
13222,baby beef ribs
13223,condensed chicken gumbo
13224,cajun garlic
13225,cherry coke
13226,ham for seasoning
13227,vanilla nonfat frozen yogurt
13228,flour paste
13229,white chocolate almond bar
13230,red flame
13231,turkey pieces
13232,nonfat skim milk
13233,kraft cheese
13234,green sweet bell peppers
13235,red sweet bell peppers
13236,nippy
13237,white long grain rice
13238,skyline chili
13239,bite size broccoli florets
13240,porcini
13241,ghiradelli cocoa
13242,whole leaf thyme
13243,thompson
13244,beaten eggs
13245,'s feet
13246,hocks
13247,cheese nip
13248,green spring onions
13249,recipe secrets garlic
13250,leaf lard
13251,turkey necks
13252,betty crocker supreme moist butter pecan mix
13253,jello raspberry
13254,broccoli florettes
13255,yellow peas
13256,crumbs of honey
13257,jell-o sugar
13258,hot buttered angel hair
13259,red irish potatoes
13260,sweet salad relish
13261,hickory smoke liquid
13262,mister
13263,shaved ice
13264,cinnamon crisp crackers
13265,boneless chuck pot roast
13266,leaf saffron
13267,cooked peas
13268,blackberry preserves
13269,fresh orange
13270,corn relish
13271,blades celery
13272,cans
13273,eggshell milk
13274,lump shortening
13275,.sugar
13276,shedded swiss cheese
13277,persimmon pulp mixed
13278,head of green cabbage
13279,plantain
13280,grated numbers
13281,fresh peanuts
13282,white acres peas
13283,registers sausage
13284,boneless meat
13285,hickory smoke flavored salt
13286,minced kraut
13287,cream of chicken and mushroom soup
13288,chocolate ice crem
13289,fresh linguine
13290,watercress leaves
13291,multi-colored noodles
13292,cajun season mix
13293,thin strips green
13294,individual stalks celery
13295,flaked blue crab meat
13296,cherry sauce
13297,vanilla cooking pie filling
13298,milk according
13299,raspberry-lemon
13300,catnip leaves
13301,chow-chow
13302,red stuff
13303,hormel hot chili
13304,king size corn chips
13305,hormel chopped ham
13306,fried crisp rice noodles
13307,light dixie crystal brown sugar
13308,head young cabbage
13309,velveeta chunks
13310,nonfat cooking spray
13311,chicken-flavored bouillon
13312,clear glaze
13313,blanched almond slices
13314,frozen pound cakes
13315,recipe blender mayonnaise
13316,fully
13317,spray oil
13318,favorite fruit preserves
13319,bottles grenadine
13320,planters sesame nut mix
13321,harina
13322,lemon wide
13323,ground hot red pepper
13324,coyotla
13325,tapioca powder
13326,bake according
13327,cold club soda
13328,parley
13329,low-sugar apricot spread
13330,boiling chicken soup
13331,box nestles
13332,fresh small mushrooms
13333,chocolate covered mint
13334,beef loin
13335,file powder
13336,cold light cream
13337,orange slices for
13338,salad cube pickles
13339,mozerella cheese
13340,cherry powdered drink
13341,lemon powdered drink
13342,schilling cherry flavoring
13343,cookies yields
13344,cranberry breads
13345,pistachio ice cream
13346,chili-hot beans
13347,concord grape gelatin
13348,poultry stuffing mix
13349,cattail flowers
13350,green chopped cabbage
13351,fake crab
13352,corn shells
13353,swanson
13354,porter
13355,anchor steam
13356,after peeling
13357,favorite pizza sauce
13358,toppings used canadian bacon
13359,recipe topping
13360,lemon-pepper
13361,yellow sponge layer of cake
13362,chocolate custard layer
13363,vanilla custard layer
13364,whipped cream frosting
13365,layer chocolate custard
13366,layer vanilla custard
13367,handful fresh cilantro
13368,handful fresh parsley
13369,jar cheese
13370,recipe secrets onions
13371,fresh tomatillos
13372,handful tortilla chips
13373,somen noodles
13374,beef instant bouillon
13375,junior baby food
13376,lean rib pork chops
13377,instant chocolate mix
13378,goldschlager
13379,sloe gin
13380,one-layer
13381,prima sauce
13382,cream style soup
13383,regular horseradish
13384,root
13385,cucumber sticks
13386,cinnamon crisp crumbs
13387,round beef
13388,eggs +
13389,lime juice from
13390,thin veal cutlets
13391,picante salsa
13392,red chile powder
13393,dark brown domino sugar
13394,knorr chocolate mousse
13395,coleslaw vegetables
13396,artichoke hearts
13397,chocolate covered cherries
13398,red/green bell pepper
13399,ready pie crust
13400,natural rice vinegar
13401,fresh hamburger
13402,chicken breasts with skin
13403,soy beans
13404,frozen bell pepper
13405,dijonnaise mustard
13406,thin skinned red
13407,combination vegetables
13408,drops bitters
13409,worm
13410,pork gravy
13411,bouquet artificial flowers
13412,powered milk
13413,french vanilla coffee
13414,whites only
13415,gluten flour
13416,ring sausage
13417,cubed lean ham
13418,creole season
13419,ground nut meats
13420,substitute
13421,herb seasoned salt
13422,strawberry yogurts
13423,sherry glass
13424,liqueur glass
13425,glass benedictine
13426,spoonful sugar
13427,baking drippings
13428,stew mix
13429,brown and wild rice
13430,butter bread
13431,ham with bone
13432,your favorite fruit
13433,small meat
13434,depepe
13435,fettucini pasta
13436,frozen beans
13437,paynes sausage
13438,bac*o chips
13439,ground dried shrimp
13440,roasting chicken
13441,pimiento stuffed green olives
13442,snow crab claws
13443,lemon-lime juice
13444,sour cram
13445,vegetable food coloring
13446,temptee cream cheese
13447,roll chocolate chip cookie
13448,yeast powders
13449,baking apple
13450,portobello mushroom
13451,mint fresh parsley
13452,black olive juice
13453,dandelions
13454,filled soup can
13455,peanut sauce
13456,jesse
13457,lemosa
13458,fresh lime
13459,fish meat
13460,wrappers of pot stickers
13461,rockwell
13462,frozen greens
13463,recipe of italian pasta sauce
13464,school glue
13465,low-fat whipped topping
13466,blenders
13467,container juice
13468,chocolate for chocolate icing
13469,coffee mate
13470,lemon flavor pudding
13471,frozen patty shells
13472,white wine tarragon vinegar
13473,pack/
13474,your favorite fruit preserves
13475,trio
13476,friendliness
13477,joy
13478,long-suffering
13479,cocktail size shrimp
13480,liquid from raisins
13481,red taco
13482,shoulder of veal
13483,multi-colored marshmallows
13484,tasso
13485,frozen crab flavored salad style fish
13486,glass olive oil
13487,vegetarian swiss
13488,pimiento green stuffed olives
13489,carton of
13490,ginger-lime vinaigrette dressing
13491,puree peaches
13492,mixed dried fruit bits
13493,campbell's condensed broccoli cheese soup
13494,orange rinds
13495,potato sticks
13496,regular butterscotch
13497,chicken / flour
13498,chopped walnut
13499,comstock cherries
13500,layer chocolate cake
13501,bouillon mix
13502,salad sauce
13503,green scallion
13504,munoz sauce
13505,frozen pitted unsweetened cherries
13506,stone-ground corn meal
13507,favorite italian red sauce
13508,paintbrush
13509,regular size strawberry jello
13510,estimate
13511,elbow pasta
13512,cornmeal jiffy
13513,powdered rosemary
13514,jalapeos
13515,adobo powder
13516,threads
13517,fresh picked poke salad greens
13518,cream of chicken and mushroom
13519,cold strong coffee
13520,tricolor pasta
13521,fresh crab
13522,butter oil
13523,samin
13524,fine lettuce
13525,thin brisket
13526,raffia
13527,italian spinach
13528,cooking liquid
13529,nonfat frozen vanilla yogurt
13530,your favorite filling
13531,instant rising yeast
13532,powdered nonfat dairy creamer
13533,green stuffed olives
13534,no-bake
13535,bowties
13536,clear creme
13537,microwave popcorn
13538,triple
13539,barbecue seasoning spice
13540,peeled apple
13541,fully cooked brown
13542,chipped ice
13543,light chocolate icing
13544,old-fashioned molasses
13545,sack frozen peas
13546,broiled shrimp
13547,salad cubes
13548,ground chunk
13549,amount of milk
13550,crayfish tail
13551,canadian club
13552,powdered vanilla
13553,wild apples
13554,pistachio instant pie filling
13555,them slice
13556,white sweet onions
13557,packs equal
13558,stale white bread
13559,batch corn bread
13560,turkey/chicken
13561,coconut and/or
13562,box of strawberry jello
13563,sweet cold milk
13564,medallions of pork
13565,condensed bean/bacon soup
13566,instant plain tea
13567,collard
13568,bunches beet tops
13569,creole sausage
13570,frozen southern-style hashbrowns
13571,clove-studded lemon cartwheels
13572,burrito seasoning mix
13573,hot cheese
13574,enchilada hot sauce
13575,cream of mushroom sup
13576,fresh sole
13577,bermuda
13578,pecan gems
13579,baking powder for each child
13580,bread/pizza
13581,gourmet sauce
13582,fresh new potatoes
13583,kernels from
13584,great northern peas
13585,semi-sweet chocolate flavored chips
13586,dil weed
13587,lime pie flavor
13588,low-cal vanilla pudding mix
13589,hot links sausage
13590,mixed wild mushrooms
13591,flat-leaf parsley
13592,wrap
13593,lean white meat
13594,grated nonfat alpine
13595,low-calorie margarine
13596,cooking oil works well
13597,additional milk
13598,quick tender salt
13599,cubed sharp
13600,'s cherries
13601,hot banana peppers
13602,freshly snipped parsley
13603,long grain rice with herbs
13604,curled chocolate bar
13605,cream of asparagus
13606,granulated powder
13607,snack ramen noodles
13608,white rice vinegar
13609,peeled beets
13610,italian herb dressing
13611,virgin
13612,butter oleo
13613,chocolate toffee
13614,salsa dip
13615,oregano beans
13616,parmesan crumb topping
13617,cross-cut carrot slices
13618,nonstick coating
13619,regular vegetable oil
13620,type jelly
13621,corn tortillas shells
13622,rounded mayonnaise
13623,before
13624,vanilla instant pudding/pie filling
13625,o-shaped puffed oat cereal
13626,italian style plum
13627,no-salt kernel corn
13628,decorative sprinkles
13629,clove mashed garlic
13630,steamed broccoli flowerets
13631,whatever you
13632,block cracker barrel
13633,green spanish olives
13634,cooking pears
13635,handful shrimp
13636,jalapeno cornbread
13637,white fluffy frosting mix
13638,rennet
13639,griffin's waffle syrup
13640,boneless sirloin beef steak
13641,kernel garlic
13642,niblets summer crisp corn
13643,herb-ox chicken broth
13644,rhubarb juice
13645,longsuffering
13646,meekness
13647,frozen loose pack hash brown potatoes
13648,broken ice cubes
13649,thin chocolate wafers
13650,chicken-flavored crackers
13651,onion biscuit dough
13652,bottomed ice cream cones
13653,moisten
13654,food coloring/tempera
13655,breads
13656,white peanuts
13657,grape halves
13658,shell shrimp
13659,peanut halves
13660,onion ring batter
13661,grating cheese
13662,almond butter
13663,progresso italian flavor bread crumbs
13664,jumbo wieners
13665,bran cereals
13666,jumbo sweet onions
13667,oils
13668,flavor cheese
13669,vegetable beans
13670,butter golden cake
13671,ground lean white turkey meat
13672,back ribs
13673,diet soda
13674,dish
13675,yolks from
13676,cooled shell
13677,chunky chili tomato sauce
13678,betty crocker fudge brownie mix
13679,pita pocket
13680,fresh fruit of choice
13681,salami log
13682,packs chili-o
13683,beardsley
13684,long green onions
13685,cream of chicken soup campbell
13686,extra seasonings
13687,jalapeno flavor
13688,frozen pkg.
13689,golden mushroom campbell
13690,fresh shiitake mushrooms
13691,young squash
13692,larger fryer
13693,bacon fried crisp
13694,bottle of soy sauce
13695,pack dry onion soup mix
13696,vanilla-flavor
13697,tomato tidbits
13698,handful of macaroni
13699,baby sweet peas
13700,regular ready
13701,pork blade
13702,whole wheat crumbs
13703,powder alum
13704,pecan nut pieces
13705,realime concentrate lime juice
13706,boston butts
13707,rock salt
13708,cream freezer
13709,instant cheese cake pudding
13710,almonds slivers
13711,long grain wild rice mix
13712,italian wine
13713,mesa
13714,knorr's vegetable soup mix
13715,light chunky fruit
13716,broccoli chunks
13717,quick-cook noodles
13718,orange jelly candy
13719,cheeseburgers
13720,dr. peppers
13721,kasha
13722,tomato pork
13723,whole blanched almonds
13724,maraschino
13725,tostitos salsa
13726,shredded cheese mix
13727,white vegetable stock
13728,biscuit topper
13729,extra lean hamburger
13730,angel hair noodles
13731,regular mint
13732,bags plain potato chips
13733,onion season
13734,bow-type noodles
13735,sweet red wine
13736,white bacardi
13737,deer tenderloin
13738,rotini curly noodles
13739,black-eye peas
13740,jalapeno black-eye peas
13741,fifth whiskey
13742,fresh ground garlic
13743,cream of chicken soup campbell's home-style cooking
13744,low-sodium chicken stock
13745,sauerkraut juice
13746,stix
13747,black skillet
13748,capricola ham
13749,turkey scraps
13750,varieties of fruits
13751,herb vinegar
13752,turkey gravy mix
13753,hot chocolate
13754,honey almond cereal
13755,freshly grated orange peel
13756,cook vanilla pudding
13757,poultry
13758,orange with skin
13759,regular uncooked oats
13760,mixed parsley
13761,hi-energy vanilla supplement
13762,seedless grape halves
13763,cinnamon decorator candies
13764,raspberry-flavored ginger ale
13765,cold yogurt
13766,deer sausage
13767,seeded cucumber
13768,all-bran buds
13769,maifun rice
13770,unbuttered popcorn
13771,miracle whip dressing
13772,either dried apples
13773,boneless lean pork
13774,spreading mustard
13775,corned brisket
13776,drops of water
13777,ground sirloin/beef
13778,fancy cloves
13779,cranberry halves
13780,brown crackers
13781,shot creme
13782,cocktail loaves bread
13783,curtiss butterfinger
13784,polska kielbasa
13785,drops of peppermint
13786,fruit chutney
13787,beaten whites
13788,frozen worthington chicken
13789,savorex
13790,cream of soups
13791,fluffy clean snow
13792,pectin powder
13793,linguine spaghetti
13794,pickling cucumber
13795,liquid from vlasic
13796,apple jello
13797,chunky ham
13798,orange frosting
13799,medley mix
13800,bowl of cool whip
13801,turkey meat
13802,full
13803,cream of mushroom soup mixed with milk
13804,slightly
13805,ramen pride noodles
13806,baskets strawberries
13807,frozen small white onions
13808,chilli
13809,brooks
13810,light pineapple
13811,bags coconut
13812,shredded spinach
13813,rinsed white raisins
13814,fowl
13815,chinese black beans
13816,hams
13817,chili power
13818,jalapeo peppers
13819,liquid from fish
13820,parkay less fat margarine
13821,enough strawberries
13822,persimmon
13823,salsa mix
13824,borden cheese
13825,bon monet
13826,additional white sugar
13827,chili cheese
13828,regular white flour
13829,chedse
13830,caramel bits
13831,rocks
13832,scratch
13833,sour cream white cake
13834,low sugar peanut butter
13835,mango pepper
13836,cobs of corn
13837,cod
13838,sweet hot mustard
13839,head of celery
13840,cutting
13841,cutting board
13842,roll refrigerated chocolate chip cookie dough
13843,another shortening
13844,crab juice
13845,pack almonds
13846,fully cooked kielbasa sausage
13847,lime soft drink
13848,tbsp.butter
13849,pimento stuffed green olives
13850,yellow split peas
13851,nonnutritive sweetener
13852,smoke sauce
13853,frozen baby shrimp
13854,flaky buttermilk
13855,rye chips
13856,clean
13857,quick-rise yeast
13858,orange peel zest
13859,frozen creamed onions
13860,leftover chilli
13861,sparerib tips
13862,following vegetables
13863,potatotes
13864,boned shoulder of pork
13865,quartered new potatoes
13866,collard leaves
13867,ham lunch meat
13868,powdered tempera
13869,white tortilla chips
13870,knorr brand
13871,duncan hines bakery style
13872,peeled slice peaches
13873,lean beef and/or
13874,red devils
13875,all-ready
13876,bits of fat pork
13877,kellogg's cereal
13878,'s kraut
13879,breakfast links
13880,newspaper
13881,toaster
13882,creme-filled cookies
13883,passions
13884,frozen vanilla nonfat yogurt
13885,fresh cabbage
13886,white albacore
13887,gravy base
13888,veggie dressing
13889,rabbit meat
13890,layer tater
13891,rather hot water
13892,aztec salad shells
13893,grapefruit
13894,prime
13895,snippy parsley
13896,beef flavored bouillon granules
13897,yellow cling peaches
13898,corn liquid
13899,tahini sauce
13900,polish kielbasa
13901,western style beans
13902,italian flavored tomatoes
13903,buttermilk baking
13904,chicken chow
13905,grated rutabaga
13906,roll cookie
13907,strawberry-banana gelatin
13908,green spinach noodles
13909,italian dressing mixed with water
13910,twisted noodles
13911,packets sweet
13912,corn twists
13913,cream of corn soup
13914,shortbread cookie crumbs
13915,freshly squeezed key
13916,either wine
13917,onion-mushroom soup
13918,yeast +
13919,bite-site
13920,slim pretzels
13921,o'brien hash browns
13922,white squash
13923,marsala cooking wine
13924,pureed kumquats
13925,white baking potatoes
13926,creamy jif peanut butter
13927,lemon custard angel
13928,long grained uncle ben's rice
13929,various spices
13930,live possum
13931,persimmon jam
13932,pink champagne
13933,catawba wine
13934,moderate
13935,sweet whipped butter
13936,shoulder of lamb
13937,chicken tenderloins
13938,shot of tabasco sauce
13939,coarse ground garlic
13940,stiff whipped topping
13941,thin slice lemon per pork chop
13942,ground cooked chicken breast
13943,cream de banana liqueur
13944,thawed chitterlings
13945,angel-flake coconut
13946,whole allspice berries
13947,berry-flavored carbonated beverage
13948,stalk of celery diced
13949,handful hawaiian salt
13950,crutchfields cornmeal
13951,shot liquor
13952,occasion
13953,la creme frozen topping
13954,roll bridgeford bread
13955,green anaheim pepper
13956,ranchero cheese
13957,fully cooked center
13958,chunky picante
13959,dry hidden valley salad dressing
13960,frozen minute maid
13961,frozen pink strawberry daiquiri mix
13962,uncle ben's chicken
13963,tarragon sprinkles
13964,stouffer's creamed spinach
13965,sweet hungarian paprika
13966,chilli seasoning
13967,instant cream
13968,skroodles noodles
13969,mushrooms halved
13970,frying fat
13971,powdered light fruit pectin
13972,semi-sweet mini chocolate chips
13973,knowledge
13974,homework
13975,laughs
13976,bisquick buttermilk baking mix
13977,frozen mix vegetables
13978,cold vodka
13979,batch cookie
13980,welch's sparkling
13981,basket of strawberries
13982,rich sweet milk
13983,soybean sauce
13984,regular yogurt
13985,pkgs of strawberry
13986,onion sour cream
13987,green label molasses
13988,graham cracker deep crusts
13989,toppers
13990,pork chorizo
13991,peach glaze
13992,coconut cream pudding pie filling
13993,long grain cooked rice
13994,spring water
13995,natural orange juice
13996,sweet bean sauce
13997,chinese rice wine
13998,lemon deluxe cake mix
13999,jumbo stuffing shells
14000,fluffy white icing mix
14001,ground lean lamb
14002,frozen artichoke bottoms
14003,egg sauce
14004,wispride cheese
14005,bird seed
14006,pine cones
14007,kind sauce
14008,ground heffer
14009,ungun
14010,carats
14011,taters
14012,maters
14013,cheez
14014,white grape halves
14015,grown coffee
14016,italian pork sausage
14017,cooked meatballs
14018,graham wafers
14019,bits of apple
14020,cream peanut butter
14021,chinese straw mushrooms
14022,summer shrimp
14023,hot dog wieners
14024,swiss cheese crackers
14025,cheddar wedges
14026,wheatables
14027,chocolate flavored decorator candies
14028,chicken mix
14029,beef seven steaks
14030,ro-tel mexican fiesta tomatoes
14031,fresh ground white meat turkey
14032,boil seasoning
14033,drained juice
14034,ground dates
14035,enchilada spice mix
14036,pickle vinegar
14037,sour cream salad dressing
14038,parsley butter
14039,slat
14040,chicken instant bouillon
14041,sensation
14042,chilled sparkling water
14043,rice soup
14044,coconut for topping
14045,cinnamon rolls
14046,boneless sirloin strip
14047,habenero chilies
14048,men
14049,women
14050,bibles
14051,fellowship
14052,glass white wine
14053,tiny meatballs
14054,nutter butters
14055,boxes strawberries
14056,refrigerator dinner
14057,hair nest pasta
14058,mini-colored marshmallows
14059,mashed cooked sweet potato
14060,frozen pastry shells
14061,cranberry-orange sauce
14062,garden green peas
14063,salad cherries
14064,regular mixed pickling
14065,refrigerator dough
14066,pack tostitos
14067,cream of mushrooms
14068,silk flowers
14069,woodchuck
14070,frozen cloverleaf rolls
14071,oregano leaf
14072,white chocolate frosting
14073,tubs light process cream cheese
14074,frozen guacamole
14075,western dressing
14076,bluefish
14077,ground chuck steak
14078,baby beef
14079,hickory wood chips
14080,pimento cream cheese
14081,clam sauce
14082,frozen clams
14083,nilla brand vanilla wafers
14084,unsweetened wheat germ
14085,frozen lesueur peas
14086,bacon cubes
14087,italian with olive oil
14088,regular linguine
14089,low-cal whipped topping mix
14090,hot italian pork sausage
14091,arthur unbleached flour
14092,twelve oaks white vinegar
14093,peach chunks
14094,giblet water
14095,cranberry-apple juice
14096,frontier brand
14097,mellow white miso
14098,deep pan pizza
14099,favorite yellow cake
14100,chocolate macaroons
14101,fresh broccoli tops
14102,cauliflower tops
14103,egg yokes
14104,syringe with largest
14105,regular snickers
14106,tart shell
14107,mayhaw jelly
14108,extra light margarine
14109,cayenne red pepper sauce
14110,green ortega chiles
14111,roni
14112,herb flavored bread crumbs
14113,venison round steak
14114,soup crackers
14115,pine-orange-guava juice
14116,nonfat spaghetti sauce
14117,bite size crispy rice squares
14118,red crushed pepper
14119,unto
14120,dream whip dessert topping mix
14121,crown prince crabmeat
14122,crown prince shrimp
14123,tubs soft cream cheese
14124,chicken liver
14125,boneless chickens
14126,bean mix pkg
14127,pineapple cream pudding
14128,baby seashell macaroni
14129,tokay red
14130,powdered italian dressing
14131,betty crocker sour cream frosting
14132,pecan rice
14133,bowl whip cream
14134,rinsed sauerkraut
14135,buttermilk pop
14136,pig
14137,banana tree
14138,golden cracklins
14139,loose hash browns
14140,all-purpose unbleached flour
14141,instant nonfat
14142,mango puree
14143,bite size vegetables
14144,larry's
14145,mashed garlic
14146,ragatoni pasta
14147,stewer
14148,brownie mix calling
14149,green leaf
14150,country style biscuits
14151,country biscuits
14152,cream of chicken soup or cream of celery
14153,lemon herb
14154,cake of corn bread
14155,medium bulgar
14156,caesar dressing mix
14157,italian meat
14158,crappie
14159,bricks cream cheese
14160,break short
14161,del monte chunky tomatoes
14162,basil presto sauce
14163,fettucini florentine
14164,liquid egg
14165,thimbleberries
14166,plantain bananas
14167,mushroom soup mixed
14168,lime vodka
14169,frozen corn kernels from
14170,green tea
14171,ingredients required for your favorite meat
14172,sorrel leaves
14173,regular cake
14174,del monte peas
14175,freeze these
14176,cream of chicken rice soup
14177,multi flavor
14178,boullion
14179,jar great northern beans
14180,short
14181,down juice
14182,sweet sauterne
14183,natural coconut
14184,borden pasteurized process cheese spread
14185,orange frost drink
14186,tubs nestea
14187,jigger cream sherry wine
14188,sweet yellow onions
14189,cold wine
14190,cold whipping cream
14191,red sour cherries
14192,chicken style soyameat
14193,herb seasoned bread
14194,pickled beets
14195,tsubushian
14196,ro-tel vegetables
14197,cleaned spinach
14198,natural style peanut butter
14199,cake mix of
14200,mixed mandarin
14201,sour orange
14202,dime
14203,sugar icing
14204,sugar cured kentucky
14205,beef bouillon powder
14206,mandarin marmalade
14207,crown broccoli
14208,fancy chinese veggies
14209,golden seasoning
14210,thick style kavli norwegian crisp bread crumbs
14211,lemon juiced
14212,tahineh
14213,chilled fruit
14214,food applesauce
14215,regular uncooked rice
14216,mixed wax candy
14217,keebler buttered pretzels
14218,broccoli-cheese soup
14219,chunky beef soup
14220,venison ribs
14221,peas with onions
14222,chicken-flavored ramen noodles
14223,confection sugar
14224,bite-sized crispy rice
14225,bite-sized
14226,buttery-flavored cracker snacks
14227,jumbo
14228,whole green beans
14229,mr. turkey smoked sausage
14230,fiesta brand chili mix
14231,lemon yellow cake mix
14232,owens country sausage
14233,shredded coleslaw mix
14234,coarse saltine crackers
14235,chicken fillets
14236,of grese
14237,vegetable rotini
14238,coleslaw dressing
14239,stack ritz crackers
14240,christopher ranch garlic
14241,mushroom juice
14242,jigger creme
14243,fresh yeast
14244,italian sliced green beans
14245,cream icing
14246,veal scallopini
14247,chocolate hearts
14248,caramel squares
14249,barbeque spice
14250,oregeno
14251,frosting sugar
14252,italian prunes
14253,orange pops
14254,instant chicken stuffing mix
14255,bottom pie crusts
14256,lemon pie mix
14257,white rice flour
14258,potato starch flour
14259,tapioca flour
14260,thin hamburger
14261,rotelli noodles
14262,parmesan croutons
14263,thin slices ginger
14264,planter's pecan
14265,game bird
14266,ground filberts
14267,wheel noodles
14268,dishpan
14269,white wheat
14270,mayonnaise-type salad dressing
14271,unsweetened strawberry
14272,peanut granules
14273,well mashed
14274,lean ribs
14275,spring soup mix
14276,flavored bulk pork sausage
14277,barbecue flavor
14278,strega
14279,head fennel
14280,white distilled vinegar
14281,jiggers vodka
14282,salad size shrimp
14283,ground mild red chili pepper
14284,ground hot red chili pepper
14285,peppermint stick ice cream
14286,mustard spice
14287,slightly cooked rice
14288,fresh hash browns
14289,salsa picante
14290,skin
14291,long celery
14292,cookie coconut
14293,yellow crisco
14294,monterrey jack
14295,white pickling cucumbers
14296,sweet/sour dressing
14297,generosity
14298,bite-sized lettuce
14299,cantaloupe chunks
14300,boned rump roast
14301,handful fresh mint
14302,fresh apple cider
14303,jalapeno jack
14304,curley macaroni
14305,mixed vegetable seasoning
14306,containers whipped cream cheese
14307,mahatma rice
14308,front pig feet
14309,del grosso pizza sauce
14310,broken spinach
14311,shredded sauerkraut
14312,colada yogurt
14313,corned ham
14314,cheesecloth
14315,tiny artichoke
14316,worchester sauce
14317,green chilli salsa
14318,disciples
14319,ministry positions
14320,talents
14321,power
14322,conviction
14323,enthusiasm
14324,artery clogging
14325,indigestion inducing second
14326,fully ripe crushed strawberries
14327,quince
14328,combination rice
14329,bar cracker barrel sharp
14330,linguisa
14331,cherico
14332,lime jello gelatin
14333,winter pear
14334,powdered mix
14335,mushroom rice
14336,lasagana noodles
14337,soyu sauce
14338,chinese pepper
14339,fillet chicken breast
14340,chicken of cream soup
14341,campbell's vegetable beef soup
14342,mixed bisquick
14343,lime-grapefruit carbonated beverage
14344,campbell's broccoli
14345,containers pimento
14346,wood chips
14347,loose pork sausage
14348,cooled coffee
14349,citron fruits
14350,more oil
14351,brick chocolate
14352,original flavor
14353,liquid concentrate
14354,clean spinach
14355,pared sweet potatoes
14356,butt meat
14357,broken california walnuts
14358,inches oil
14359,fresh morels
14360,mashed ripe avocado
14361,jell-o instant pistachio pudding
14362,fifths rum
14363,party dip mix
14364,common crackers
14365,deli smoked turkey
14366,yellow-eye beans
14367,full of green tomatoes
14368,cooper
14369,orville redenbacher
14370,ground lean hamburger
14371,poultry seasonings
14372,vanilla instant pudding powder
14373,skewers
14374,red ink
14375,lump of coal
14376,frozen southern style potatoes
14377,lightly ripe banana
14378,ritters
14379,mint-chocolate
14380,freshly ground yellow
14381,mexene seasoning
14382,ground mixed spice
14383,pork hash
14384,beef flavored ramen noodles
14385,soy margarine
14386,brown round bread
14387,all-purpose white flour
14388,lemon-flavored
14389,boil ham
14390,medium cream
14391,long carrots
14392,covered chocolate
14393,amount of oil for browning meat
14394,campbell's vegetable soup mix
14395,ranch dip mix
14396,burrito tortillas
14397,green/
14398,salusa sauce
14399,baking hen
14400,vanilla cream syrup
14401,nacho cheese tortilla chips
14402,beef noodles
14403,peach juice concentrate
14404,medium cukes
14405,calamato olives
14406,sesame sticks
14407,string potatoes
14408,regular crab
14409,butter flakes
14410,cold vegetable shortening
14411,colmer's
14412,philadelphia fat-free
14413,carnation nonfat dry
14414,jell-o instant chocolate pudding
14415,finish filling
14416,chicory lettuce
14417,escarole
14418,fresh pork shoulder
14419,country raspberry
14420,stove top stuffing mix for chicken
14421,tri
14422,frozen hash browns thawed
14423,long grain regular
14424,pack yeast
14425,drained strawberries
14426,red ground cayenne pepper
14427,claret wine
14428,mirlitons
14429,iron skillet of
14430,italian ground sausage
14431,powdered sugar glaze
14432,nonpareil sprinkles
14433,amount hot pepper
14434,batch greens
14435,lean veal cutlets
14436,sirloin cubes
14437,rice krispie cereal
14438,coarse grind crushed
14439,marjorim
14440,cooked spiral pasta
14441,imported ham
14442,pack chili seasoning
14443,grated white chocolate
14444,turkey stuffing
14445,onion cheese
14446,loaves cocktail bread
14447,shrimps
14448,lumpia wrapper
14449,oil of citronella
14450,temperance
14451,nilla wafer pie crust
14452,lean flank steak
14453,hot cooked somen
14454,tostado shells
14455,cinammon
14456,taco seasoning salt
14457,fresh steamed vegetables
14458,sargento classic supreme shredded mozzarella cheese
14459,baskets cherry tomatoes
14460,handful small white onions
14461,tomatilloes
14462,snails
14463,pomegranate apricot
14464,caramel filling
14465,frozen fillo leaves
14466,bacon oil
14467,chourico sausage
14468,seeded grape halves
14469,extra whipped cream
14470,lean turkey
14471,mini shell pasta
14472,vanilla flavored yogurt
14473,cranberry orange relish
14474,dinner
14475,sweet vinegar
14476,guava shells
14477,green bean juice
14478,clear chicken
14479,ground gluten
14480,mckays
14481,strawberries with hulls
14482,farmer
14483,boneless soup meat
14484,type of pasta
14485,mashed cooked tomatoes
14486,condensed mincemeat
14487,percent juice
14488,thin pork chops
14489,liters sprite
14490,roteli pasta
14491,bottles oil
14492,dried chili peppers
14493,fillet of flounder
14494,strawberry liqueur
14495,vanila
14496,all-vegetable
14497,graham cookie crumbs
14498,swedish anchovy
14499,solid pack white tuna
14500,cinnamon discs
14501,dream whip whipped topping
14502,kits
14503,salad fixin
14504,frozen o'brien
14505,horseradish spread
14506,dry beans
14507,hash brown frozen potatoes
14508,tripletts
14509,jelling agent
14510,liquid whipping cream
14511,whitefish filets
14512,lemon flavored tea
14513,grape preserves
14514,kernel corn with
14515,alpine
14516,deli white american cheese
14517,beef liquid
14518,cues
14519,dill stalks
14520,valley original party
14521,flaked smoked salmon
14522,white vegetable shortening
14523,handful of green olives
14524,handful of black olives
14525,your favorite meatballs
14526,metaxa
14527,pineapple filling
14528,lean white meat skinless
14529,chunky style spaghetti sauce
14530,ingredients
14531,frozen sugar cookie dough
14532,topping glaze
14533,other noodles
14534,fresh snipped chives
14535,boiling hot black coffee
14536,beef hamburger
14537,vegetable delight
14538,italian herb season
14539,mozzarella and
14540,fish of your choice
14541,flavorings of choice
14542,fresh cod
14543,chilled cherry filling
14544,full bunch
14545,wilderness pie filling
14546,uncut okra
14547,dill stems
14548,jars junior prunes
14549,containers nonfat plain
14550,low-fat granola cereal
14551,pack cherries
14552,amount pepper
14553,beef bones
14554,sweet tea
14555,cocktail nuts
14556,fully cooked low-fat
14557,ramen oriental
14558,butterscotch custard
14559,whole wheat pastry
14560,ground white cardamon
14561,bakers coconut
14562,your favorite fish
14563,crisp canadian bacon
14564,cranberry drink
14565,bottles salsa
14566,chilled shortening
14567,oodles of noodles
14568,vanilla diet pudding
14569,red table wine
14570,peppermint stick
14571,rice-a-roni broccoli
14572,nonfat cooking oil
14573,white limas
14574,black bing cherries
14575,coke classic
14576,rind of
14577,flake style
14578,frozen awake
14579,caramel ice cream
14580,dill salad cubes
14581,recipe biscuit dough
14582,recipe stuffing
14583,taco seasoning to meat
14584,fresh eggs
14585,of cracker crumbs
14586,toasted wheat bread
14587,solid pack
14588,progresso italian-style bread
14589,hawaiian red peppers
14590,taylor golden sherry
14591,cornmeal tortillas
14592,cooked new potatoes
14593,borden dairy
14594,packet original
14595,butter almond ice cream
14596,pickling mix
14597,tube biscuits
14598,king size fritos
14599,drops
14600,strawberry banana jello
14601,container lite frozen whipped topping
14602,radish roses
14603,cream of tatar
14604,hot juice
14605,lemon lime
14606,boneless shoulder pork roast
14607,fresh pumpernickel
14608,veal cutlet
14609,big beans
14610,lo-cal vanilla pudding mix
14611,fresh green hot pepper
14612,white crisco
14613,beef-flavored bouillon granules
14614,liquid joy dishwashing detergent
14615,peach nectar
14616,caraway-rye bread crumbs
14617,hot green chilies
14618,walleye
14619,wooden skewers
14620,link sausages
14621,whole anise seed
14622,cold-pack cheese food
14623,red ripe peppers
14624,regular ice cubes
14625,american cheese cubes
14626,breading mixture
14627,temple oranges
14628,wild duck
14629,instant meat
14630,cardamon powder
14631,t butter
14632,bunches beets
14633,free cheese
14634,topping you like
14635,crayfish tails
14636,lean pork chop
14637,cooked red kidney beans
14638,pork rinds
14639,salad burnet
14640,sugar substitute equal
14641,veal shoulder chops
14642,hoagie
14643,red plum preserves
14644,whole asparagus
14645,junket raspberry/strawberry
14646,short crust
14647,cupful of tasty cheese
14648,paprika pepper
14649,fresh-like carrots
14650,sugar crystals
14651,homeground meal
14652,goat meat
14653,well-flavored apples
14654,fresh cooked squash
14655,orange yogart
14656,pineapple yogart
14657,lots of tomatoes
14658,bel paese cheese
14659,dry chickpeas
14660,extra sharp yellow cheese
14661,light corn sirup
14662,sweet yams
14663,nondairy whipped cream
14664,slantedly
14665,natural swiss
14666,white duncan
14667,caviar
14668,o'lean
14669,angel coconut
14670,lemon-lime jello
14671,thin strip orange rind
14672,liquid off salmon
14673,vanilla fluff
14674,bread shell
14675,dry pie
14676,reserved apple syrup
14677,kitchen spoons
14678,wish bone italian dressing
14679,packets equal sugar substitute
14680,pet-ritz deep dish pie crusts
14681,brown gravy with onions
14682,vegetarian
14683,curly leaf
14684,vegetarian-vegetable soup
14685,hot liquid
14686,such cracker crumbs
14687,campbell's barbecue beans
14688,beef stock per
14689,torn greens
14690,ready-to
14691,shredded reduced fat sharp
14692,jumbo yellow onion
14693,white mustard
14694,white cake layers
14695,frozen meat/cheese tortellini
14696,chinese rice noodles
14697,shredded grapefruit peel
14698,pack beer
14699,chair
14700,self- rising flour
14701,frozen imitation crab meat
14702,sugar cookie roll
14703,minute
14704,handful bacon
14705,white peg corn
14706,bottled meat sauce
14707,any style green beans
14708,salad supreme season
14709,crisp cereal
14710,pink peppermint
14711,roll dough
14712,recipe basic sweet roll dough
14713,double-action
14714,chocolate mixing
14715,fresh squeezed orange
14716,cored
14717,several ice cubes
14718,vegetable you like
14719,saltine squares
14720,pot
14721,new red
14722,light cheese
14723,barber's nonfat buttermilk
14724,peeled figs
14725,creamettes rotelle
14726,london broil
14727,bagged spinach
14728,oat
14729,additional oleo
14730,cream cornstarch
14731,fresh mussels
14732,apple cider syrup
14733,gar
14734,seedless raspberry jam
14735,whiting
14736,corn kernel
14737,chipotle chile
14738,gourmet salad greens
14739,chile piquin
14740,lime yogurt
14741,italian good seasoning
14742,black walnut pieces
14743,blueberry jello
14744,crushed spanish peanuts
14745,chocolate pie shell
14746,nutty coconut frosting
14747,fritos-scoop size
14748,liquid saccharin
14749,extra large flour tortillas
14750,jarred applesauce
14751,fully cooked lean
14752,knorr spring vegetable soup mix
14753,either lemon
14754,grape cherry tomatoes
14755,black jalapeo olives
14756,red sloe gin
14757,leaf
14758,roll hillshire
14759,shredded white cheddar
14760,liquid sugar substitute equal
14761,lime flavor gelatin
14762,chili seasonings
14763,mama
14764,adobe
14765,fresh dewberries
14766,egg white icing mix
14767,pineapple juice from
14768,cholesterol-free mayonnaise
14769,additional pancake mix
14770,fryer breasts
14771,cake meal
14772,thigh of turkey
14773,fruit-flavored cream cheese
14774,vanilla cook pudding
14775,fritos scoops
14776,powdered black pepper
14777,powdered basil
14778,lean pork strips
14779,containers buitoni
14780,walla walla sweet onion
14781,ascorbic citric powder
14782,tomato-rice soup
14783,duncan hines cake mix
14784,running water
14785,cheddar cheese crackers
14786,liquid peppermint flavor
14787,world
14788,italian style spaghetti mix
14789,tartar
14790,cool whip topping
14791,t.s.p.
14792,light mayonnaise dressing
14793,boneless cooked turkey breast
14794,thin green pepper rings
14795,avocado calavo
14796,pie pastry shell
14797,cake deluxe
14798,pasta twist
14799,ground buffalo meat
14800,acini de
14801,skinned ripe
14802,cold low-fat
14803,reuseable soup
14804,coussa
14805,cooked kernel corn
14806,bisquick topping
14807,oregano sprigs
14808,light rye bread
14809,liters ginger
14810,mixed italian seasoning
14811,mint ice cubes
14812,melty cheese
14813,egg yolks/whites
14814,bakers
14815,california butter
14816,grated swiss
14817,container dairy sour cream
14818,low-fat creamed cottage cheese
14819,four cream
14820,choice pie filling
14821,passover cake meal
14822,hot dog rolls
14823,ground ritz crackers
14824,jalapeno velveeta
14825,light catsup
14826,candied fruit cake mix
14827,green pickle
14828,chickpea water
14829,newman's own spaghetti sauce
14830,zachary's blackening spice
14831,ready crisp bacon
14832,coconut snow
14833,blender ice
14834,thank you butterscotch pudding
14835,dried fettuccine
14836,sweet spanish onion
14837,almond spears
14838,lentil beans
14839,lemon and/or
14840,long buns
14841,deli meat
14842,dressing of your choice
14843,additional chocolate syrup
14844,of oil
14845,loin roast
14846,herb flavor
14847,average carrots
14848,macaroni bugattini
14849,chicken white meat
14850,comet rice
14851,strawberry sherbet
14852,yellow pear tomatoes
14853,fry
14854,french beans
14855,jarlsberg cheese
14856,juicy apples
14857,cream of mushrrom soup
14858,black rind cheese
14859,hidden valley dressing mix
14860,protein powder
14861,ready mix bread stuffing
14862,beef jerky
14863,annato
14864,good pears
14865,deluxe coconut pecan
14866,beef stewing meat
14867,fancy fruit drink
14868,mixed dried fruits
14869,fresh sweet potatoes
14870,bread including crusts
14871,mincemeat with brandy
14872,hot chili mix
14873,coarse-ground black pepper
14874,cherry punch
14875,onion cream sauce
14876,thin strips red pepper
14877,elk meat
14878,container lite cream cheese
14879,vegetable rice
14880,peeling
14881,fresh soda
14882,bags nestles
14883,cooked roast
14884,mushroom halves
14885,smoke beef
14886,mixed cabbage
14887,tomato sauce chunky chili
14888,apple jack
14889,carrot liquid
14890,pasta of choice
14891,frozen guava concentrate
14892,cracked orange
14893,tri-color tortellini
14894,pearl
14895,betty crocker fluffy white frosting
14896,butter flavor shortening
14897,condensed tomato
14898,line pan
14899,amount salt
14900,secrets
14901,teamwork
14902,gallon of milk
14903,lean bottom round roast
14904,tank
14905,banana puree
14906,cracker meal
14907,italian salad mix
14908,powdered oats
14909,boned pork loin
14910,kernels
14911,honesty
14912,temper
14913,fresh pork neck bone
14914,grated light cheddar cheese
14915,pressed tortillas
14916,pinches soda
14917,plate
14918,regular syrup
14919,cream of corn
14920,curing salt
14921,boyardee sauce
14922,amount black pepper
14923,wafer ham
14924,fritter batter
14925,rice-wine
14926,lemon frosting
14927,beef marrow
14928,ivory
14929,yellow sweet corn
14930,hot italian
14931,jumbo lump crab meat
14932,oleo crackers
14933,cream of broccoli with cheese soup
14934,english walnut halves
14935,chocolate flavor syrup
14936,chocolate covered candies
14937,loose sausage meat
14938,cheddar cold pack smoky cheese food
14939,beef ground
14940,skillet corn bread
14941,flat spaghetti
14942,amount of margarine
14943,ones
14944,orange breakfast
14945,hormel bacon
14946,salad delight spices
14947,one-minute
14948,graham cracker crumb shell
14949,realime juice
14950,lime for
14951,yellow zucchini
14952,blueberry preserves
14953,spring rolls
14954,lots of brown gravy
14955,red sweet onions
14956,cubed chuck
14957,yoplait original strawberry
14958,dei
14959,adjust
14960,granulated artificial sweetener
14961,pureed ripe bananas
14962,natural oats
14963,lemon basil
14964,rib meat
14965,betty crocker lemon cake mix
14966,cruets good seasons dressing
14967,canned spinach
14968,white cream corn
14969,king size butterfingers
14970,regular dry vanilla pudding
14971,stuff
14972,deluxe frosting
14973,liquid hickory sauce
14974,oil free
14975,r.b. rice sausage
14976,cooking barley
14977,planters
14978,green broccoli
14979,light vegetable stock
14980,blueback salmon
14981,pork loin center
14982,hot fettuccine
14983,lean sirloin steak
14984,equal sweeteners
14985,maryland crabmeat
14986,additional flour
14987,bottles bernsteins
14988,nooles
14989,oinon
14990,cereal mix
14991,brownie
14992,colored crystallized sugar
14993,orange muffin
14994,recipe secrets savory
14995,hot cooked linguini
14996,favorite spice
14997,rind from
14998,golden apple
14999,campbell beans
15000,broken beer pretzels
15001,ham and pork
15002,box cheese
15003,roll of sausage
15004,godiva chocolate
15005,fully cooked polish sausage
15006,medium grind black pepper
15007,buttered rye bread
15008,recipe summer
15009,milk cream
15010,some olives
15011,syrup from apple peels
15012,garden tomatoes
15013,coconut shredded
15014,handful of romano cheese
15015,fish salad
15016,vegetable oil +
15017,fideos
15018,butterflake refrigerator rolls
15019,nescafe
15020,freshly grated carrots
15021,pressed brown sugar
15022,peeled pears
15023,bite-sized cooked chicken
15024,enough red potatoes
15025,cold vinegar
15026,button onions
15027,cassia buds
15028,brown-sugar sauce
15029,thin slice onion
15030,white soyameat
15031,pecans sauce
15032,red label syrup
15033,additional nuts
15034,extra large pasta shells
15035,white candy stars
15036,bite-size rice squares
15037,.nuts
15038,mini rolls
15039,homemade wheat bread
15040,vegetarian bouillon cubes
15041,frozen cooked snow crabmeat
15042,strawberry-flavor gelatin
15043,italian style plum tomatoes
15044,thawed chinese
15045,gristles
15046,butter pecans
15047,blue grape juice
15048,soya
15049,freshly squeezed lemons
15050,squid
15051,wasabi
15052,cream of chicken soupor cream of celery
15053,apricot spread
15054,sole
15055,very cold heavy cream
15056,boned pork
15057,jars smucker's
15058,pumpernickel
15059,fresh skim milk
15060,whole kernel nibble corn
15061,whole kernel white shoe peg corn
15062,wild greens
15063,favorite pizza toppings
15064,spirals
15065,bugles snack
15066,baby bath johnson
15067,mahimahi fillets
15068,reserved cooking water
15069,roll refrigerated sugar cookie dough
15070,extra dry vermouth
15071,ground cardamom/ginger
15072,drops of red food coloring
15073,sweet taters
15074,faults
15075,yellow seasoned rice
15076,buttermilk refrigerator
15077,extra firm
15078,ginger juice
15079,thin crust
15080,c.white sugar
15081,rivels
15082,rock fish
15083,loaves pumpernickel bread
15084,instant coconut cream pudding mix
15085,gren peppers
15086,amount oil
15087,long konbu
15088,boiling liquid
15089,cinnamon spice
15090,chili sauce/enchilada sauce
15091,pork roll
15092,oysterette crackers
15093,romaine lettuce head
15094,black olive slivers
15095,cheese shells
15096,sweet sue beef broth
15097,tube orange
15098,gold
15099,fresh mashed strawberries
15100,chicken soup stock
15101,fresh-grated parmesan
15102,various fruits
15103,humor
15104,careing
15105,egg roll wrapper
15106,gummy bears
15107,bottle ice cream
15108,wine cheese
15109,layer carrots
15110,bunches basil
15111,sugars
15112,cornstarch plus enough cold water
15113,skillet sauce
15114,slicing pepperoni
15115,mixed glace fruit
15116,rum glaze
15117,shortcrust pastry
15118,stoneground yellow cornmeal
15119,layer hamburger
15120,black label canned ham
15121,pack tortilla chips
15122,cashew meal
15123,buttermilk flour
15124,italian style veal
15125,chunky picante sauce
15126,lemon instant pudding pie filling
15127,fondue dippers
15128,whole wheat/unbleached flour
15129,gelatin dessert
15130,helping giblets
15131,sweet apple juice
15132,rum jamaica
15133,low-moisture
15134,a.p.
15135,cinnamon bear cookies
15136,super chunky peanut butter
15137,backfin lump crab meat
15138,december
15139,ground near
15140,venison steaks
15141,soup broth
15142,cream pudding
15143,pastel miniature marshmallows
15144,sesame hot oil
15145,cream sharp cheddar cheese
15146,bisquick dumpling
15147,anaheim chile
15148,chicken crystals
15149,fish steaks/
15150,pack salad shrimp
15151,shawnee
15152,frozen tomatoes
15153,sweet banana peppers
15154,wax peppers
15155,low fat milk
15156,long-grain wild rice
15157,pickle salt
15158,jalapenos peppers
15159,okra gumbo
15160,chocolate-covered almonds
15161,of cheese
15162,rock candy
15163,good sherry
15164,sweet applesauce
15165,chocolate chip cookie rolls
15166,chunk of ham
15167,hot cooked grits
15168,papaya seed
15169,marshmellows
15170,zest of one orange
15171,shredded nonfat
15172,deep pie crust shells
15173,cream of onion
15174,sandwich beef
15175,mixed spiral noodles
15176,herb-ox chicken bouillon
15177,smothered okra
15178,worcestershires sauce
15179,lo-cal cream cheese
15180,dark red chili beans
15181,white backfin crab meat
15182,acini de pepe macaroni
15183,cow
15184,black fin lump crab meat
15185,scotch whiskey
15186,light ice cream
15187,homefries
15188,same flavor
15189,red grape tomatoes
15190,white unbleached flour
15191,browned meat
15192,garlic clusters
15193,desire
15194,lasagna strips
15195,cream of celery soup or broccoli soup
15196,prepared pie cherries
15197,lite cream
15198,cream cookies
15199,watermelon rind preserves
15200,anything else that sounds good
15201,yellow delicious apples
15202,ascorbic acid
15203,whole sweet pickles
15204,walla sweet onion
15205,dark sorghum
15206,light spread
15207,assorted vegetables
15208,boneless beef short ribs
15209,finely ground
15210,bear meat
15211,graham snacks
15212,pepperoni rings
15213,flaky style refrigerator rolls
15214,green chopped chilies
15215,tangerine pieces
15216,beef flavor base
15217,fresh beef broth
15218,fork stirred
15219,fork stirred whole wheat flour
15220,parsley stalk
15221,affection
15222,thin flour
15223,prepared chunky garden vegetable spaghetti sauce
15224,grated sweet corn
15225,lean hot sausage
15226,clear italian salad dressing
15227,crab apples
15228,.vinegar
15229,cumin spice
15230,premade deep pan pie shells
15231,unbaked pie pastry
15232,lamb loins
15233,wheels
15234,thin red bell pepper
15235,tri-color tubular
15236,la creme
15237,low-fat american cheese
15238,chive
15239,thin slices of deli
15240,favorite vegetables
15241,herbed stuffing mix cubes
15242,mushroom chicken
15243,light ream
15244,seedless red raspberry preserves
15245,hickory smoked barbecue sauce
15246,ground dry ginger
15247,peach juice/syrup
15248,nugget corn
15249,mint-flavored chocolate chips
15250,monterey jack
15251,tsp.vanilla
15252,fresh bunch
15253,hair
15254,light vegetable oil spray
15255,garden green onions
15256,raspberry frosting
15257,ground linguica
15258,clabbered milk
15259,red punch
15260,strawberry daiquiri
15261,coasters
15262,quick-cook oats
15263,pack dry yeast
15264,turkey italian sausage
15265,california strawberries
15266,lime sauce
15267,liquid dishwasher soap
15268,dandelion greens
15269,favorite fruits
15270,california mix vegetables
